id,depart,departLane,departPos,departSpeed,departDelay,arrival,arrivalLane,arrivalPos,arrivalSpeed,duration,routeLength,waitingTime,waitingCount,stopTime,timeLoss,rerouteNo,devices,vType,speedFactor,vaporized,emissions
flow2.5,170.0,98338697#0_0,5.1,0.0,0.0,254.0,758926622_0,154.47,13.87,84.0,985.82,0.0,0,0.0,10.81,0,tripinfo_flow2.5 emissions_flow2.5,car,1.05,,
flow3.0,187.0,-758926622_0,5.1,0.0,0.0,258.0,1200615233_0,80.97,12.88,71.0,669.44,0.0,0,0.0,9.2,0,tripinfo_flow3.0 emissions_flow3.0,car,1.03,,
flow2.5.1,173.0,98338697#0_0,5.1,0.0,3.0,259.0,758926622_0,154.47,12.71,86.0,985.82,0.0,0,0.0,13.5,0,tripinfo_flow2.5.1 emissions_flow2.5.1,car,0.89,,
flow3.0.1,190.0,-758926622_0,5.1,0.0,3.0,262.0,1200615233_0,80.97,13.76,72.0,669.44,0.0,0,0.0,11.22,0,tripinfo_flow3.0.1 emissions_flow3.0.1,car,1.05,,
flow2.5.2,176.0,98338697#0_0,5.1,0.0,6.0,263.0,758926622_0,154.47,13.29,87.0,985.82,0.0,0,0.0,13.68,0,tripinfo_flow2.5.2 emissions_flow2.5.2,car,0.94,,
flow3.0.2,193.0,-758926622_0,5.1,0.0,6.0,267.0,1200615233_0,80.97,13.38,74.0,669.44,0.0,0,0.0,14.92,0,tripinfo_flow3.0.2 emissions_flow3.0.2,car,1.12,,
flow2.5.3,179.0,98338697#0_0,5.1,0.0,9.0,268.0,758926622_0,154.47,13.07,89.0,985.82,0.0,0,0.0,14.96,0,tripinfo_flow2.5.3 emissions_flow2.5.3,car,0.86,,
flow2.5.4,182.0,98338697#0_0,5.1,0.0,12.0,270.0,758926622_0,154.47,13.71,88.0,985.82,0.0,0,0.0,15.26,0,tripinfo_flow2.5.4 emissions_flow2.5.4,car,1.09,,
flow3.0.3,196.0,-758926622_0,5.1,0.0,9.0,272.0,1200615233_0,80.97,12.63,76.0,669.44,0.0,0,0.0,13.33,0,tripinfo_flow3.0.3 emissions_flow3.0.3,car,0.99,,
flow3.0.4,199.0,-758926622_0,5.1,0.0,12.0,276.0,1200615233_0,80.97,11.87,77.0,669.44,0.0,0,0.0,10.97,0,tripinfo_flow3.0.4 emissions_flow3.0.4,car,0.93,,
flow5.6,259.0,67209282#0_0,5.1,0.0,0.0,383.0,-67504621_0,163.75,7.9,124.0,732.17,21.0,1,0.0,34.47,0,tripinfo_flow5.6 emissions_flow5.6,car_slow,0.92,,
flow5.6.1,263.0,67209282#0_0,5.1,0.0,4.0,386.0,-67504621_0,163.75,7.74,123.0,732.17,19.0,1,0.0,33.38,0,tripinfo_flow5.6.1 emissions_flow5.6.1,car_slow,0.95,,
flow5.6.2,267.0,67209282#0_0,5.1,0.0,8.0,388.0,-67504621_0,163.75,7.86,121.0,732.17,17.0,1,0.0,32.07,0,tripinfo_flow5.6.2 emissions_flow5.6.2,car_slow,1.13,,
flow5.6.3,270.0,67209282#0_0,5.1,0.0,11.0,391.0,-67504621_0,163.75,8.32,121.0,732.17,15.0,1,0.0,31.9,0,tripinfo_flow5.6.3 emissions_flow5.6.3,car_slow,0.93,,
flow5.6.4,274.0,67209282#0_0,5.1,0.0,15.0,393.0,-67504621_0,163.75,8.21,119.0,732.17,13.0,1,0.0,30.52,0,tripinfo_flow5.6.4 emissions_flow5.6.4,car_slow,1.18,,
flow2.0_bicycle,314.0,758926614#0_0,5.1,0.0,0.67,396.0,758926626_0,143.98,8.46,82.0,880.34,0.0,0,0.0,12.5,0,tripinfo_flow2.0_bicycle emissions_flow2.0_bicycle,car_fast,1.15,,
flow2.0_bicycle.1,317.0,758926614#0_0,5.1,0.0,3.67,407.0,758926626_0,143.98,6.91,90.0,880.34,0.0,0,0.0,12.15,0,tripinfo_flow2.0_bicycle.1 emissions_flow2.0_bicycle.1,car_fast,1.01,,
flow2.0_bicycle.2,320.0,758926614#0_0,5.1,0.0,6.67,409.0,758926626_0,143.98,9.33,89.0,880.34,0.0,0,0.0,20.36,0,tripinfo_flow2.0_bicycle.2 emissions_flow2.0_bicycle.2,car_fast,1.17,,
flow4.1_bicycle,149.0,-758926622_0,5.1,0.0,0.04,413.0,132346057#5_0,344.19,6.65,264.0,1923.34,43.0,2,0.0,81.46,0,tripinfo_flow4.1_bicycle emissions_flow4.1_bicycle,car,0.94,,
flow4.1_bicycle.1,152.0,-758926622_0,5.1,0.0,3.04,415.0,132346057#5_0,344.19,8.0,263.0,1923.34,40.0,3,0.0,91.42,0,tripinfo_flow4.1_bicycle.1 emissions_flow4.1_bicycle.1,car,1.01,,
flow4.1_bicycle.2,155.0,-758926622_0,5.1,0.0,6.04,417.0,132346057#5_0,344.19,8.47,262.0,1923.34,32.0,2,0.0,95.93,0,tripinfo_flow4.1_bicycle.2 emissions_flow4.1_bicycle.2,car,1.08,,
flow4.1_bicycle.3,158.0,-758926622_0,5.1,0.0,9.04,419.0,132346057#5_0,344.19,7.58,261.0,1923.34,30.0,3,0.0,91.83,0,tripinfo_flow4.1_bicycle.3 emissions_flow4.1_bicycle.3,car,1.03,,
flow2.0_bicycle.3,323.0,758926614#0_0,5.1,0.0,9.67,423.0,758926626_0,143.98,7.13,100.0,880.34,2.0,1,0.0,21.07,0,tripinfo_flow2.0_bicycle.3 emissions_flow2.0_bicycle.3,car_fast,0.99,,
flow4.1_bicycle.4,161.0,-758926622_0,5.1,0.0,12.04,437.0,132346057#5_0,344.19,6.71,276.0,1923.34,18.0,1,0.0,74.07,0,tripinfo_flow4.1_bicycle.4 emissions_flow4.1_bicycle.4,car,0.83,,
flow2.0_bicycle.4,326.0,758926614#0_0,5.1,0.0,12.67,444.0,758926626_0,143.98,8.35,118.0,880.34,14.0,1,0.0,41.21,0,tripinfo_flow2.0_bicycle.4 emissions_flow2.0_bicycle.4,car_fast,1.02,,
flow5.4,387.0,67209282#0_0,5.1,0.0,0.0,454.0,-67504621_0,163.75,13.39,67.0,732.17,0.0,0,0.0,12.74,0,tripinfo_flow5.4 emissions_flow5.4,car,1.0,,
flow5.4.1,390.0,67209282#0_0,5.1,0.0,3.0,459.0,-67504621_0,163.75,11.86,69.0,732.17,0.0,0,0.0,10.97,0,tripinfo_flow5.4.1 emissions_flow5.4.1,car,0.9,,
flow5.4.2,393.0,67209282#0_0,5.1,0.0,6.0,464.0,-67504621_0,163.75,11.92,71.0,732.17,0.0,0,0.0,11.51,0,tripinfo_flow5.4.2 emissions_flow5.4.2,car,0.88,,
flow5.4.3,396.0,67209282#0_0,5.1,0.0,9.0,468.0,-67504621_0,163.75,11.04,72.0,732.17,0.0,0,0.0,11.33,0,tripinfo_flow5.4.3 emissions_flow5.4.3,car,0.85,,
flow5.4.4,399.0,67209282#0_0,5.1,0.0,12.0,471.0,-67504621_0,163.75,11.34,72.0,732.17,0.0,0,0.0,11.89,0,tripinfo_flow5.4.4 emissions_flow5.4.4,car,0.85,,
flow5.0_bus,422.0,67209282#0_0,5.1,0.0,0.48,486.0,-67504621_0,163.75,12.71,64.0,732.17,0.0,0,0.0,10.04,0,tripinfo_flow5.0_bus emissions_flow5.0_bus,car,1.12,,
flow4.0,202.0,-758926622_0,5.1,0.0,4.0,496.0,132346057#5_0,344.19,6.58,294.0,1923.34,25.0,1,0.0,50.29,0,tripinfo_flow4.0 emissions_flow4.0,car_slow,0.88,,
flow4.0.1,206.0,-758926622_0,5.1,0.0,8.0,515.0,132346057#5_0,344.19,7.42,309.0,1923.34,38.0,2,0.0,71.5,0,tripinfo_flow4.0.1 emissions_flow4.0.1,car_slow,0.94,,
flow4.0.2,210.0,-758926622_0,5.1,0.0,12.0,518.0,132346057#5_0,344.19,7.71,308.0,1923.34,33.0,2,0.0,69.58,0,tripinfo_flow4.0.2 emissions_flow4.0.2,car_slow,0.94,,
flow4.0.3,214.0,-758926622_0,5.1,0.0,16.0,520.0,132346057#5_0,344.19,8.12,306.0,1923.34,33.0,2,0.0,73.82,0,tripinfo_flow4.0.3 emissions_flow4.0.3,car_slow,1.16,,
flow1.0_bicycle,392.0,-355037966#4_0,5.1,0.0,0.54,520.0,758926622_0,154.47,12.84,128.0,1332.87,0.0,0,0.0,20.6,0,tripinfo_flow1.0_bicycle emissions_flow1.0_bicycle,car,1.17,,
flow4.0.4,218.0,-758926622_0,5.1,0.0,20.0,522.0,132346057#5_0,344.19,8.19,304.0,1923.34,28.0,2,0.0,71.45,0,tripinfo_flow4.0.4 emissions_flow4.0.4,car_slow,1.02,,
flow1.0_bicycle.1,395.0,-355037966#4_0,5.1,0.0,3.54,526.0,758926622_0,154.47,13.41,131.0,1332.87,0.0,0,0.0,19.15,0,tripinfo_flow1.0_bicycle.1 emissions_flow1.0_bicycle.1,car,1.02,,
flow1.0_bicycle.2,398.0,-355037966#4_0,5.1,0.0,6.54,529.0,758926622_0,154.47,13.52,131.0,1332.87,0.0,0,0.0,22.16,0,tripinfo_flow1.0_bicycle.2 emissions_flow1.0_bicycle.2,car,1.1,,
flow1.0_bicycle.3,401.0,-355037966#4_0,5.1,0.0,9.54,533.0,758926622_0,154.47,12.8,132.0,1332.87,0.0,0,0.0,19.96,0,tripinfo_flow1.0_bicycle.3 emissions_flow1.0_bicycle.3,car,1.0,,
flow1.0_bicycle.4,404.0,-355037966#4_0,5.1,0.0,12.54,537.0,758926622_0,154.47,13.79,133.0,1332.87,0.0,0,0.0,19.68,0,tripinfo_flow1.0_bicycle.4 emissions_flow1.0_bicycle.4,car,1.0,,
flow5.0_bus.1,425.0,67209282#0_0,5.1,0.0,3.48,539.0,-67504621_0,163.75,12.65,114.0,732.17,46.0,1,0.0,58.88,0,tripinfo_flow5.0_bus.1 emissions_flow5.0_bus.1,car,1.02,,
flow5.0_bus.2,428.0,67209282#0_0,5.1,0.0,6.48,542.0,-67504621_0,163.75,13.21,114.0,732.17,44.0,1,0.0,58.47,0,tripinfo_flow5.0_bus.2 emissions_flow5.0_bus.2,car,0.99,,
flow5.0_bus.3,431.0,67209282#0_0,5.1,0.0,9.48,546.0,-67504621_0,163.75,12.46,115.0,732.17,42.0,1,0.0,57.32,0,tripinfo_flow5.0_bus.3 emissions_flow5.0_bus.3,car,0.94,,
flow5.0_bus.4,434.0,67209282#0_0,5.1,0.0,12.48,550.0,-67504621_0,163.75,12.01,116.0,732.17,40.0,1,0.0,56.56,0,tripinfo_flow5.0_bus.4 emissions_flow5.0_bus.4,car,0.88,,
flow5.1,443.0,67209282#0_0,5.1,0.0,0.0,553.0,-67504621_0,163.75,12.08,110.0,732.17,34.0,1,0.0,51.76,0,tripinfo_flow5.1 emissions_flow5.1,car,0.91,,
flow5.1.1,446.0,67209282#0_0,5.1,0.0,3.0,555.0,-67504621_0,163.75,12.37,109.0,732.17,33.0,1,0.0,51.43,0,tripinfo_flow5.1.1 emissions_flow5.1.1,car,0.91,,
flow5.1.2,449.0,67209282#0_0,5.1,0.0,6.0,557.0,-67504621_0,163.75,13.17,108.0,732.17,30.0,1,0.0,53.2,0,tripinfo_flow5.1.2 emissions_flow5.1.2,car,1.04,,
flow5.1.3,452.0,67209282#0_0,5.1,0.0,9.0,560.0,-67504621_0,163.75,12.69,108.0,732.17,30.0,1,0.0,53.0,0,tripinfo_flow5.1.3 emissions_flow5.1.3,car,1.02,,
flow5.1.4,455.0,67209282#0_0,5.1,0.0,12.0,563.0,-67504621_0,163.75,12.9,108.0,732.17,29.0,1,0.0,53.57,0,tripinfo_flow5.1.4 emissions_flow5.1.4,car,1.02,,
flow5.0,458.0,67209282#0_0,5.1,0.0,0.0,567.0,-67504621_0,163.75,13.14,109.0,732.17,27.0,1,0.0,53.01,0,tripinfo_flow5.0 emissions_flow5.0,car,0.97,,
flow5.0.1,461.0,67209282#0_0,5.1,0.0,3.0,570.0,-67504621_0,163.75,12.54,109.0,732.17,25.0,1,0.0,51.53,0,tripinfo_flow5.0.1 emissions_flow5.0.1,car,0.94,,
flow5.0.2,464.0,67209282#0_0,5.1,0.0,6.0,572.0,-67504621_0,163.75,12.64,108.0,732.17,25.0,1,0.0,53.44,0,tripinfo_flow5.0.2 emissions_flow5.0.2,car,1.06,,
flow5.0.3,467.0,67209282#0_0,5.1,0.0,9.0,575.0,-67504621_0,163.75,12.83,108.0,732.17,22.0,1,0.0,52.41,0,tripinfo_flow5.0.3 emissions_flow5.0.3,car,0.96,,
flow5.0.4,470.0,67209282#0_0,5.1,0.0,12.0,578.0,-67504621_0,163.75,12.44,108.0,732.17,23.0,1,0.0,51.44,0,tripinfo_flow5.0.4 emissions_flow5.0.4,car,0.98,,
flow2.2_bus,488.0,758926614#0_0,5.1,0.0,0.16,582.0,758926626_0,143.98,8.04,94.0,880.34,0.0,0,0.0,10.95,0,tripinfo_flow2.2_bus emissions_flow2.2_bus,car,1.0,,
flow2.2_bus.1,491.0,758926614#0_0,5.1,0.0,3.16,587.0,758926626_0,143.98,7.69,96.0,880.34,0.0,0,0.0,13.43,0,tripinfo_flow2.2_bus.1 emissions_flow2.2_bus.1,car,1.02,,
flow2.2_bus.2,494.0,758926614#0_0,5.1,0.0,6.16,603.0,758926626_0,143.98,7.81,109.0,880.34,6.0,1,0.0,23.72,0,tripinfo_flow2.2_bus.2 emissions_flow2.2_bus.2,car,0.97,,
flow2.2_bus.3,497.0,758926614#0_0,5.1,0.0,9.16,605.0,758926626_0,143.98,8.3,108.0,880.34,4.0,1,0.0,30.74,0,tripinfo_flow2.2_bus.3 emissions_flow2.2_bus.3,car,1.15,,
flow2.2_bus.4,500.0,758926614#0_0,5.1,0.0,12.16,613.0,758926626_0,143.98,6.89,113.0,880.34,0.0,0,0.0,27.87,0,tripinfo_flow2.2_bus.4 emissions_flow2.2_bus.4,car,0.98,,
flow4.1,341.0,-758926622_0,5.1,0.0,0.0,614.0,132346057#5_0,344.19,7.88,273.0,1923.34,47.0,3,0.0,102.65,0,tripinfo_flow4.1 emissions_flow4.1,car_fast,0.96,,
flow4.1.1,343.0,-758926622_0,5.1,0.0,2.0,616.0,132346057#5_0,344.19,8.69,273.0,1923.34,47.0,4,0.0,120.87,0,tripinfo_flow4.1.1 emissions_flow4.1.1,car_fast,1.09,,
flow4.1.2,346.0,-758926622_0,5.1,0.0,5.0,618.0,132346057#5_0,344.19,8.5,272.0,1923.34,39.0,2,0.0,113.21,0,tripinfo_flow4.1.2 emissions_flow4.1.2,car_fast,1.04,,
flow5.1_truck,489.0,67209282#0_0,5.1,0.0,0.46,624.0,-67504621_0,163.75,13.04,135.0,732.17,54.0,2,0.0,86.95,0,tripinfo_flow5.1_truck emissions_flow5.1_truck,car_fast,1.0,,
flow5.1_truck.1,492.0,67209282#0_0,5.1,0.0,3.46,626.0,-67504621_0,163.75,14.36,134.0,732.17,52.0,2,0.0,86.8,0,tripinfo_flow5.1_truck.1 emissions_flow5.1_truck.1,car_fast,1.04,,
flow5.1_truck.2,494.0,67209282#0_0,5.1,0.0,5.46,629.0,-67504621_0,163.75,12.77,135.0,732.17,50.0,2,0.0,88.09,0,tripinfo_flow5.1_truck.2 emissions_flow5.1_truck.2,car_fast,1.01,,
flow5.1_truck.3,497.0,67209282#0_0,5.1,0.0,8.46,633.0,-67504621_0,163.75,13.98,136.0,732.17,49.0,2,0.0,88.14,0,tripinfo_flow5.1_truck.3 emissions_flow5.1_truck.3,car_fast,1.02,,
flow5.1_truck.4,500.0,67209282#0_0,5.1,0.0,11.46,635.0,-67504621_0,163.75,13.97,135.0,732.17,48.0,2,0.0,88.36,0,tripinfo_flow5.1_truck.4 emissions_flow5.1_truck.4,car_fast,1.02,,
flow2.3_bicycle,554.0,758926614#0_0,5.1,0.0,0.16,642.0,758926626_0,143.98,7.21,88.0,880.34,0.0,0,0.0,10.77,0,tripinfo_flow2.3_bicycle emissions_flow2.3_bicycle,car_fast,1.01,,
flow5.9,595.0,67209282#0_0,5.1,0.0,0.0,648.0,-67504621_0,163.75,15.54,53.0,732.17,0.0,0,0.0,10.43,0,tripinfo_flow5.9 emissions_flow5.9,car_fast,1.18,,
flow2.3_bicycle.1,556.0,758926614#0_0,5.1,0.0,2.16,656.0,758926626_0,143.98,7.47,100.0,880.34,0.0,0,0.0,14.19,0,tripinfo_flow2.3_bicycle.1 emissions_flow2.3_bicycle.1,car_fast,0.91,,
flow5.9.1,597.0,67209282#0_0,5.1,0.0,2.0,656.0,-67504621_0,163.75,13.32,59.0,732.17,0.0,0,0.0,11.74,0,tripinfo_flow5.9.1 emissions_flow5.9.1,car_fast,1.0,,
flow2.3_bicycle.2,559.0,758926614#0_0,5.1,0.0,5.16,658.0,758926626_0,143.98,8.51,99.0,880.34,0.0,0,0.0,27.39,0,tripinfo_flow2.3_bicycle.2 emissions_flow2.3_bicycle.2,car_fast,1.12,,
flow2.3_bicycle.3,562.0,758926614#0_0,5.1,0.0,8.16,660.0,758926626_0,143.98,8.23,98.0,880.34,0.0,0,0.0,25.39,0,tripinfo_flow2.3_bicycle.3 emissions_flow2.3_bicycle.3,car_fast,1.1,,
flow5.9.2,600.0,67209282#0_0,5.1,0.0,5.0,660.0,-67504621_0,163.75,13.28,60.0,732.17,0.0,0,0.0,11.99,0,tripinfo_flow5.9.2 emissions_flow5.9.2,car_fast,0.99,,
flow2.3_bicycle.4,565.0,758926614#0_0,5.1,0.0,11.16,662.0,758926626_0,143.98,8.5,97.0,880.34,0.0,0,0.0,22.25,0,tripinfo_flow2.3_bicycle.4 emissions_flow2.3_bicycle.4,car_fast,1.06,,
flow5.9.3,603.0,67209282#0_0,5.1,0.0,8.0,662.0,-67504621_0,163.75,13.88,59.0,732.17,0.0,0,0.0,13.18,0,tripinfo_flow5.9.3 emissions_flow5.9.3,car_fast,1.07,,
flow4.1.3,349.0,-758926622_0,5.1,0.0,8.0,673.0,132346057#5_0,344.19,7.88,324.0,1923.34,94.0,4,0.0,165.11,0,tripinfo_flow4.1.3 emissions_flow4.1.3,car_fast,1.04,,
flow4.1.4,351.0,-758926622_0,5.1,0.0,10.0,674.0,132346057#5_0,344.19,8.64,323.0,1923.34,88.0,4,0.0,170.7,0,tripinfo_flow4.1.4 emissions_flow4.1.4,car_fast,1.09,,
flow2.5_truck,565.0,98338697#0_0,5.1,0.0,0.44,697.0,758926622_0,154.47,8.08,132.0,985.82,0.0,0,0.0,12.22,0,tripinfo_flow2.5_truck emissions_flow2.5_truck,car_slow,0.96,,
flow2.5_truck.1,569.0,98338697#0_0,5.1,0.0,4.44,700.0,758926622_0,154.47,7.63,131.0,985.82,0.0,0,0.0,11.05,0,tripinfo_flow2.5_truck.1 emissions_flow2.5_truck.1,car_slow,0.97,,
flow2.5_truck.2,573.0,98338697#0_0,5.1,0.0,8.44,705.0,758926622_0,154.47,7.67,132.0,985.82,0.0,0,0.0,11.48,0,tripinfo_flow2.5_truck.2 emissions_flow2.5_truck.2,car_slow,0.95,,
flow2.5_truck.3,577.0,98338697#0_0,5.1,0.0,12.44,710.0,758926622_0,154.47,8.06,133.0,985.82,0.0,0,0.0,13.26,0,tripinfo_flow2.5_truck.3 emissions_flow2.5_truck.3,car_slow,0.89,,
flow2.5_truck.4,581.0,98338697#0_0,5.1,0.0,16.44,712.0,758926622_0,154.47,8.02,131.0,985.82,0.0,0,0.0,11.51,0,tripinfo_flow2.5_truck.4 emissions_flow2.5_truck.4,car_slow,1.07,,
flow5.9.4,605.0,67209282#0_0,5.1,0.0,10.0,714.0,-67504621_0,163.75,12.83,109.0,732.17,44.0,1,0.0,60.02,0,tripinfo_flow5.9.4 emissions_flow5.9.4,car_fast,0.94,,
flow5.9_bus,621.0,67209282#0_0,5.1,0.0,0.96,722.0,-67504621_0,163.75,12.77,101.0,732.17,32.0,1,0.0,45.89,0,tripinfo_flow5.9_bus emissions_flow5.9_bus,car,1.1,,
flow5.9_bus.1,624.0,67209282#0_0,5.1,0.0,3.96,725.0,-67504621_0,163.75,12.68,101.0,732.17,30.0,1,0.0,45.94,0,tripinfo_flow5.9_bus.1 emissions_flow5.9_bus.1,car,1.03,,
flow5.9_bus.2,627.0,67209282#0_0,5.1,0.0,6.96,728.0,-67504621_0,163.75,13.26,101.0,732.17,28.0,1,0.0,45.45,0,tripinfo_flow5.9_bus.2 emissions_flow5.9_bus.2,car,1.02,,
flow5.9_bus.3,630.0,67209282#0_0,5.1,0.0,9.96,730.0,-67504621_0,163.75,13.27,100.0,732.17,28.0,1,0.0,46.06,0,tripinfo_flow5.9_bus.3 emissions_flow5.9_bus.3,car,1.06,,
flow5.9_bus.4,633.0,67209282#0_0,5.1,0.0,12.96,732.0,-67504621_0,163.75,12.72,99.0,732.17,25.0,1,0.0,44.88,0,tripinfo_flow5.9_bus.4 emissions_flow5.9_bus.4,car,1.15,,
flow4.9,582.0,-758926622_0,5.1,0.0,0.0,779.0,132346057#5_0,344.19,7.45,197.0,1923.34,0.0,0,0.0,25.61,0,tripinfo_flow4.9 emissions_flow4.9,car,1.01,,
flow5.4_bus,701.0,67209282#0_0,5.1,0.0,0.35,832.0,-67504621_0,163.75,8.2,131.0,732.17,30.0,1,0.0,42.47,0,tripinfo_flow5.4_bus emissions_flow5.4_bus,car_slow,1.07,,
flow5.4_bus.1,705.0,67209282#0_0,5.1,0.0,4.35,835.0,-67504621_0,163.75,7.82,130.0,732.17,28.0,1,0.0,40.92,0,tripinfo_flow5.4_bus.1 emissions_flow5.4_bus.1,car_slow,0.96,,
flow5.4_bus.2,709.0,67209282#0_0,5.1,0.0,8.35,838.0,-67504621_0,163.75,7.79,129.0,732.17,26.0,1,0.0,39.77,0,tripinfo_flow5.4_bus.2 emissions_flow5.4_bus.2,car_slow,1.04,,
flow5.4_bus.3,713.0,67209282#0_0,5.1,0.0,12.35,840.0,-67504621_0,163.75,8.12,127.0,732.17,23.0,1,0.0,38.47,0,tripinfo_flow5.4_bus.3 emissions_flow5.4_bus.3,car_slow,1.23,,
flow5.4_bus.4,717.0,67209282#0_0,5.1,0.0,16.35,843.0,-67504621_0,163.75,7.74,126.0,732.17,20.0,1,0.0,36.82,0,tripinfo_flow5.4_bus.4 emissions_flow5.4_bus.4,car_slow,1.01,,
flow5.11,725.0,67209282#0_0,5.1,0.0,0.0,845.0,-67504621_0,163.75,8.06,120.0,732.17,15.0,1,0.0,31.55,0,tripinfo_flow5.11 emissions_flow5.11,car_slow,1.16,,
flow5.11.1,729.0,67209282#0_0,5.1,0.0,4.0,848.0,-67504621_0,163.75,7.65,119.0,732.17,13.0,1,0.0,29.51,0,tripinfo_flow5.11.1 emissions_flow5.11.1,car_slow,0.94,,
flow5.11.2,733.0,67209282#0_0,5.1,0.0,8.0,851.0,-67504621_0,163.75,7.59,118.0,732.17,11.0,1,0.0,28.9,0,tripinfo_flow5.11.2 emissions_flow5.11.2,car_slow,1.13,,
flow1.9_truck,723.0,-355037966#4_0,5.1,0.0,0.59,852.0,758926622_0,154.47,13.63,129.0,1332.87,2.0,1,0.0,20.37,0,tripinfo_flow1.9_truck emissions_flow1.9_truck,car,1.12,,
flow5.11.3,736.0,67209282#0_0,5.1,0.0,11.0,856.0,-67504621_0,163.75,7.84,120.0,732.17,9.0,2,0.0,29.33,0,tripinfo_flow5.11.3 emissions_flow5.11.3,car_slow,0.73,,
flow5.11.4,741.0,67209282#0_0,5.1,0.0,16.0,858.0,-67504621_0,163.75,7.88,117.0,732.17,8.0,1,0.0,28.08,0,tripinfo_flow5.11.4 emissions_flow5.11.4,car_slow,1.14,,
flow5.19,744.0,67209282#0_0,5.1,0.0,4.0,861.0,-67504621_0,163.75,7.83,117.0,732.17,6.0,1,0.0,26.95,0,tripinfo_flow5.19 emissions_flow5.19,car_slow,0.89,,
flow5.19.1,748.0,67209282#0_0,5.1,0.0,8.0,863.0,-67504621_0,163.75,8.05,115.0,732.17,5.0,1,0.0,25.87,0,tripinfo_flow5.19.1 emissions_flow5.19.1,car_slow,1.0,,
flow5.19.2,752.0,67209282#0_0,5.1,0.0,12.0,866.0,-67504621_0,163.75,7.7,114.0,732.17,2.0,1,0.0,24.5,0,tripinfo_flow5.19.2 emissions_flow5.19.2,car_slow,0.97,,
flow5.19.3,756.0,67209282#0_0,5.1,0.0,16.0,869.0,-67504621_0,163.75,8.13,113.0,732.17,0.0,0,0.0,23.5,0,tripinfo_flow5.19.3 emissions_flow5.19.3,car_slow,1.04,,
flow5.19.4,760.0,67209282#0_0,5.1,0.0,20.0,871.0,-67504621_0,163.75,7.88,111.0,732.17,0.0,0,0.0,22.11,0,tripinfo_flow5.19.4 emissions_flow5.19.4,car_slow,0.96,,
flow3.0_bus,790.0,-758926622_0,5.1,0.0,0.16,871.0,1200615233_0,80.97,13.17,81.0,669.44,2.0,1,0.0,20.86,0,tripinfo_flow3.0_bus emissions_flow3.0_bus,car,1.08,,
flow3.0_bus.1,793.0,-758926622_0,5.1,0.0,3.16,873.0,1200615233_0,80.97,13.12,80.0,669.44,2.0,1,0.0,17.16,0,tripinfo_flow3.0_bus.1 emissions_flow3.0_bus.1,car,0.99,,
flow3.0_bus.2,796.0,-758926622_0,5.1,0.0,6.16,878.0,1200615233_0,80.97,12.68,82.0,669.44,2.0,2,0.0,23.26,0,tripinfo_flow3.0_bus.2 emissions_flow3.0_bus.2,car,1.13,,
flow4.9.1,585.0,-758926622_0,5.1,0.0,3.0,879.0,132346057#5_0,344.19,8.03,294.0,1923.34,78.0,2,0.0,123.63,0,tripinfo_flow4.9.1 emissions_flow4.9.1,car,1.03,,
flow4.9.2,588.0,-758926622_0,5.1,0.0,6.0,881.0,132346057#5_0,344.19,7.81,293.0,1923.34,76.0,2,0.0,125.67,0,tripinfo_flow4.9.2 emissions_flow4.9.2,car,1.06,,
flow3.0_bus.3,799.0,-758926622_0,5.1,0.0,9.16,882.0,1200615233_0,80.97,12.75,83.0,669.44,0.0,0,0.0,21.52,0,tripinfo_flow3.0_bus.3 emissions_flow3.0_bus.3,car,1.05,,
flow3.0_bus.4,802.0,-758926622_0,5.1,0.0,12.16,887.0,1200615233_0,80.97,12.48,85.0,669.44,0.0,0,0.0,16.85,0,tripinfo_flow3.0_bus.4 emissions_flow3.0_bus.4,car,0.91,,
flow1.9_truck.1,726.0,-355037966#4_0,5.1,0.0,3.59,890.0,758926622_0,154.47,13.37,164.0,1332.87,23.0,1,0.0,52.0,0,tripinfo_flow1.9_truck.1 emissions_flow1.9_truck.1,car,1.02,,
flow4.9.3,591.0,-758926622_0,5.1,0.0,9.0,891.0,132346057#5_0,344.19,6.89,300.0,1923.34,70.0,2,0.0,120.96,0,tripinfo_flow4.9.3 emissions_flow4.9.3,car,0.96,,
flow1.9_truck.2,729.0,-355037966#4_0,5.1,0.0,6.59,892.0,758926622_0,154.47,12.75,163.0,1332.87,20.0,1,0.0,51.61,0,tripinfo_flow1.9_truck.2 emissions_flow1.9_truck.2,car,1.0,,
flow4.9.4,594.0,-758926622_0,5.1,0.0,12.0,897.0,132346057#5_0,344.19,6.83,303.0,1923.34,66.0,2,0.0,118.76,0,tripinfo_flow4.9.4 emissions_flow4.9.4,car,0.93,,
flow1.9_truck.3,732.0,-355037966#4_0,5.1,0.0,9.59,897.0,758926622_0,154.47,12.7,165.0,1332.87,17.0,2,0.0,49.85,0,tripinfo_flow1.9_truck.3 emissions_flow1.9_truck.3,car,0.95,,
flow1.9_truck.4,735.0,-355037966#4_0,5.1,0.0,12.59,900.0,758926622_0,154.47,13.04,165.0,1332.87,16.0,1,0.0,56.89,0,tripinfo_flow1.9_truck.4 emissions_flow1.9_truck.4,car,1.11,,
flow4.6,597.0,-758926622_0,5.1,0.0,4.0,903.0,132346057#5_0,344.19,6.53,306.0,1923.34,23.0,1,0.0,60.7,0,tripinfo_flow4.6 emissions_flow4.6,car_slow,0.87,,
flow4.6.1,601.0,-758926622_0,5.1,0.0,8.0,905.0,132346057#5_0,344.19,7.84,304.0,1923.34,19.0,1,0.0,71.8,0,tripinfo_flow4.6.1 emissions_flow4.6.1,car_slow,1.1,,
flow4.6.2,604.0,-758926622_0,5.1,0.0,11.0,907.0,132346057#5_0,344.19,8.21,303.0,1923.34,21.0,1,0.0,70.12,0,tripinfo_flow4.6.2 emissions_flow4.6.2,car_slow,1.01,,
flow4.6.3,608.0,-758926622_0,5.1,0.0,15.0,909.0,132346057#5_0,344.19,7.87,301.0,1923.34,20.0,1,0.0,69.03,0,tripinfo_flow4.6.3 emissions_flow4.6.3,car_slow,1.1,,
flow4.6.4,612.0,-758926622_0,5.1,0.0,19.0,912.0,132346057#5_0,344.19,7.35,300.0,1923.34,20.0,2,0.0,60.0,0,tripinfo_flow4.6.4 emissions_flow4.6.4,car_slow,0.92,,
flow4.11,660.0,-758926622_0,5.1,0.0,0.0,914.0,132346057#5_0,344.19,7.72,254.0,1923.34,13.0,1,0.0,93.46,0,tripinfo_flow4.11 emissions_flow4.11,car_fast,1.03,,
flow4.11.1,663.0,-758926622_0,5.1,0.0,3.0,929.0,132346057#5_0,344.19,5.8,266.0,1923.34,13.0,1,0.0,67.89,0,tripinfo_flow4.11.1 emissions_flow4.11.1,car_fast,0.82,,
flow4.11.2,665.0,-758926622_0,5.1,0.0,5.0,931.0,132346057#5_0,344.19,9.11,266.0,1923.34,50.0,1,0.0,117.21,0,tripinfo_flow4.11.2 emissions_flow4.11.2,car_fast,1.12,,
flow5.17,872.0,67209282#0_0,5.1,0.0,0.0,931.0,-67504621_0,163.75,12.85,59.0,732.17,0.0,0,0.0,12.03,0,tripinfo_flow5.17 emissions_flow5.17,car_fast,1.0,,
flow4.11.3,668.0,-758926622_0,5.1,0.0,8.0,933.0,132346057#5_0,344.19,7.36,265.0,1923.34,48.0,1,0.0,101.93,0,tripinfo_flow4.11.3 emissions_flow4.11.3,car_fast,1.01,,
flow4.11.4,671.0,-758926622_0,5.1,0.0,11.0,936.0,132346057#5_0,344.19,7.32,265.0,1923.34,46.0,1,0.0,104.95,0,tripinfo_flow4.11.4 emissions_flow4.11.4,car_fast,1.03,,
flow5.17.1,875.0,67209282#0_0,5.1,0.0,3.0,984.0,-67504621_0,163.75,13.91,109.0,732.17,46.0,1,0.0,61.97,0,tripinfo_flow5.17.1 emissions_flow5.17.1,car_fast,1.03,,
flow5.17.2,878.0,67209282#0_0,5.1,0.0,6.0,987.0,-67504621_0,163.75,12.66,109.0,732.17,44.0,1,0.0,60.62,0,tripinfo_flow5.17.2 emissions_flow5.17.2,car_fast,0.98,,
flow5.17.3,880.0,67209282#0_0,5.1,0.0,8.0,991.0,-67504621_0,163.75,12.91,111.0,732.17,43.0,1,0.0,61.22,0,tripinfo_flow5.17.3 emissions_flow5.17.3,car_fast,0.94,,
flow5.17.4,884.0,67209282#0_0,5.1,0.0,12.0,993.0,-67504621_0,163.75,13.9,109.0,732.17,42.0,1,0.0,63.81,0,tripinfo_flow5.17.4 emissions_flow5.17.4,car_fast,1.09,,
flow4.17,750.0,-758926622_0,5.1,0.0,0.0,1030.0,132346057#5_0,344.19,8.18,280.0,1923.34,18.0,2,0.0,47.12,0,tripinfo_flow4.17 emissions_flow4.17,car_slow,1.0,,
flow4.17.1,754.0,-758926622_0,5.1,0.0,4.0,1035.0,132346057#5_0,344.19,7.78,281.0,1923.34,15.0,1,0.0,48.36,0,tripinfo_flow4.17.1 emissions_flow4.17.1,car_slow,1.07,,
flow4.17.2,757.0,-758926622_0,5.1,0.0,7.0,1043.0,132346057#5_0,344.19,7.49,286.0,1923.34,13.0,1,0.0,46.55,0,tripinfo_flow4.17.2 emissions_flow4.17.2,car_slow,0.93,,
flow4.17.3,761.0,-758926622_0,5.1,0.0,11.0,1045.0,132346057#5_0,344.19,7.79,284.0,1923.34,11.0,1,0.0,51.04,0,tripinfo_flow4.17.3 emissions_flow4.17.3,car_slow,1.06,,
flow4.17.4,765.0,-758926622_0,5.1,0.0,15.0,1047.0,132346057#5_0,344.19,8.33,282.0,1923.34,10.0,1,0.0,50.03,0,tripinfo_flow4.17.4 emissions_flow4.17.4,car_slow,1.12,,
flow4.0_truck,769.0,-758926622_0,5.1,0.0,10.58,1049.0,132346057#5_0,344.19,9.55,280.0,1923.34,11.0,2,0.0,118.99,0,tripinfo_flow4.0_truck emissions_flow4.0_truck,car,1.18,,
flow4.0_truck.1,772.0,-758926622_0,5.1,0.0,13.58,1051.0,132346057#5_0,344.19,8.89,279.0,1923.34,7.0,3,0.0,113.06,0,tripinfo_flow4.0_truck.1 emissions_flow4.0_truck.1,car,1.08,,
flow4.0_truck.2,775.0,-758926622_0,5.1,0.0,16.58,1062.0,132346057#5_0,344.19,6.63,287.0,1923.34,6.0,2,0.0,100.19,0,tripinfo_flow4.0_truck.2 emissions_flow4.0_truck.2,car,0.91,,
flow4.0_truck.3,778.0,-758926622_0,5.1,0.0,19.58,1064.0,132346057#5_0,344.19,9.36,286.0,1923.34,5.0,1,0.0,122.93,0,tripinfo_flow4.0_truck.3 emissions_flow4.0_truck.3,car,1.14,,
flow4.0_truck.4,781.0,-758926622_0,5.1,0.0,22.58,1069.0,132346057#5_0,344.19,6.72,288.0,1923.34,4.0,1,0.0,94.89,0,tripinfo_flow4.0_truck.4 emissions_flow4.0_truck.4,car,0.88,,
flow5.24,961.0,67209282#0_0,5.1,0.0,0.0,1101.0,-67504621_0,163.75,8.22,140.0,732.17,40.0,1,0.0,51.31,0,tripinfo_flow5.24 emissions_flow5.24,car_slow,1.08,,
flow5.24.1,965.0,67209282#0_0,5.1,0.0,4.0,1105.0,-67504621_0,163.75,8.01,140.0,732.17,38.0,1,0.0,50.83,0,tripinfo_flow5.24.1 emissions_flow5.24.1,car_slow,0.89,,
flow5.24.2,969.0,67209282#0_0,5.1,0.0,8.0,1108.0,-67504621_0,163.75,7.64,139.0,732.17,35.0,1,0.0,50.12,0,tripinfo_flow5.24.2 emissions_flow5.24.2,car_slow,0.97,,
flow5.24.3,973.0,67209282#0_0,5.1,0.0,12.0,1111.0,-67504621_0,163.75,8.13,138.0,732.17,33.0,1,0.0,48.77,0,tripinfo_flow5.24.3 emissions_flow5.24.3,car_slow,0.97,,
flow5.24.4,976.0,67209282#0_0,5.1,0.0,15.0,1114.0,-67504621_0,163.75,8.29,138.0,732.17,30.0,1,0.0,48.45,0,tripinfo_flow5.24.4 emissions_flow5.24.4,car_slow,0.9,,
flow5.23,1040.0,67209282#0_0,5.1,0.0,0.0,1116.0,-67504621_0,163.75,11.08,76.0,732.17,0.0,0,0.0,16.34,0,tripinfo_flow5.23 emissions_flow5.23,car,0.87,,
flow5.23.1,1043.0,67209282#0_0,5.1,0.0,3.0,1117.0,-67504621_0,163.75,12.24,74.0,732.17,0.0,0,0.0,19.78,0,tripinfo_flow5.23.1 emissions_flow5.23.1,car,1.03,,
flow5.23.2,1046.0,67209282#0_0,5.1,0.0,6.0,1119.0,-67504621_0,163.75,12.74,73.0,732.17,0.0,0,0.0,18.09,0,tripinfo_flow5.23.2 emissions_flow5.23.2,car,1.11,,
flow5.23.3,1049.0,67209282#0_0,5.1,0.0,9.0,1121.0,-67504621_0,163.75,13.76,72.0,732.17,0.0,0,0.0,16.64,0,tripinfo_flow5.23.3 emissions_flow5.23.3,car,1.07,,
flow5.23.4,1052.0,67209282#0_0,5.1,0.0,12.0,1123.0,-67504621_0,163.75,13.87,71.0,732.17,0.0,0,0.0,15.9,0,tripinfo_flow5.23.4 emissions_flow5.23.4,car,1.02,,
flow4.19,892.0,-758926622_0,5.1,0.0,0.0,1139.0,132346057#5_0,344.19,6.04,247.0,1923.34,23.0,2,0.0,65.5,0,tripinfo_flow4.19 emissions_flow4.19,car_fast,0.9,,
flow4.19.1,894.0,-758926622_0,5.1,0.0,2.0,1142.0,132346057#5_0,344.19,6.2,248.0,1923.34,16.0,2,0.0,66.76,0,tripinfo_flow4.19.1 emissions_flow4.19.1,car_fast,0.89,,
flow4.19.2,897.0,-758926622_0,5.1,0.0,5.0,1144.0,132346057#5_0,344.19,8.11,247.0,1923.34,14.0,2,0.0,101.36,0,tripinfo_flow4.19.2 emissions_flow4.19.2,car_fast,1.14,,
flow4.19.3,900.0,-758926622_0,5.1,0.0,8.0,1147.0,132346057#5_0,344.19,7.17,247.0,1923.34,4.0,2,0.0,76.06,0,tripinfo_flow4.19.3 emissions_flow4.19.3,car_fast,0.96,,
flow4.19.4,903.0,-758926622_0,5.1,0.0,11.0,1149.0,132346057#5_0,344.19,7.53,246.0,1923.34,0.0,0,0.0,69.39,0,tripinfo_flow4.19.4 emissions_flow4.19.4,car_fast,0.92,,
flow5.26,1055.0,67209282#0_0,5.1,0.0,9.0,1192.0,-67504621_0,163.75,8.02,137.0,732.17,34.0,1,0.0,48.46,0,tripinfo_flow5.26 emissions_flow5.26,car_slow,1.04,,
flow5.26.1,1059.0,67209282#0_0,5.1,0.0,13.0,1195.0,-67504621_0,163.75,7.75,136.0,732.17,33.0,1,0.0,47.19,0,tripinfo_flow5.26.1 emissions_flow5.26.1,car_slow,1.0,,
flow5.26.2,1062.0,67209282#0_0,5.1,0.0,16.0,1198.0,-67504621_0,163.75,7.83,136.0,732.17,31.0,1,0.0,47.03,0,tripinfo_flow5.26.2 emissions_flow5.26.2,car_slow,1.1,,
flow5.26.3,1066.0,67209282#0_0,5.1,0.0,20.0,1201.0,-67504621_0,163.75,8.09,135.0,732.17,30.0,1,0.0,45.49,0,tripinfo_flow5.26.3 emissions_flow5.26.3,car_slow,0.83,,
flow5.26.4,1070.0,67209282#0_0,5.1,0.0,24.0,1203.0,-67504621_0,163.75,8.3,133.0,732.17,27.0,1,0.0,44.37,0,tripinfo_flow5.26.4 emissions_flow5.26.4,car_slow,1.09,,
flow4.26,968.0,-758926622_0,5.1,0.0,0.0,1228.0,132346057#5_0,344.19,7.62,260.0,1923.34,0.0,0,0.0,20.76,0,tripinfo_flow4.26 emissions_flow4.26,car_slow,0.93,,
flow4.26.1,972.0,-758926622_0,5.1,0.0,4.0,1234.0,132346057#5_0,344.19,7.84,262.0,1923.34,5.0,1,0.0,29.0,0,tripinfo_flow4.26.1 emissions_flow4.26.1,car_slow,1.1,,
flow4.26.2,975.0,-758926622_0,5.1,0.0,7.0,1237.0,132346057#5_0,344.19,8.14,262.0,1923.34,2.0,1,0.0,28.63,0,tripinfo_flow4.26.2 emissions_flow4.26.2,car_slow,1.07,,
flow4.26.3,979.0,-758926622_0,5.1,0.0,11.0,1293.0,132346057#5_0,344.19,7.71,314.0,1923.34,52.0,2,0.0,81.44,0,tripinfo_flow4.26.3 emissions_flow4.26.3,car_slow,1.0,,
flow5.25,1200.0,67209282#0_0,5.1,0.0,0.0,1297.0,-67504621_0,163.75,7.9,97.0,732.17,0.0,0,0.0,8.01,0,tripinfo_flow5.25 emissions_flow5.25,car_slow,1.15,,
flow5.25.1,1204.0,67209282#0_0,5.1,0.0,4.0,1303.0,-67504621_0,163.75,7.86,99.0,732.17,0.0,0,0.0,9.1,0,tripinfo_flow5.25.1 emissions_flow5.25.1,car_slow,0.84,,
flow5.25.2,1208.0,67209282#0_0,5.1,0.0,8.0,1305.0,-67504621_0,163.75,8.06,97.0,732.17,0.0,0,0.0,8.41,0,tripinfo_flow5.25.2 emissions_flow5.25.2,car_slow,1.06,,
flow5.25.3,1212.0,67209282#0_0,5.1,0.0,12.0,1310.0,-67504621_0,163.75,7.83,98.0,732.17,0.0,0,0.0,8.34,0,tripinfo_flow5.25.3 emissions_flow5.25.3,car_slow,1.02,,
flow5.25.4,1216.0,67209282#0_0,5.1,0.0,16.0,1314.0,-67504621_0,163.75,8.09,98.0,732.17,0.0,0,0.0,8.61,0,tripinfo_flow5.25.4 emissions_flow5.25.4,car_slow,0.97,,
flow4.26.4,983.0,-758926622_0,5.1,0.0,15.0,1315.0,132346057#5_0,344.19,6.96,332.0,1923.34,49.0,1,0.0,82.33,0,tripinfo_flow4.26.4 emissions_flow4.26.4,car_slow,0.84,,
flow5.34,1227.0,67209282#0_0,5.1,0.0,0.0,1316.0,-67504621_0,163.75,13.37,89.0,732.17,0.0,0,0.0,34.28,0,tripinfo_flow5.34 emissions_flow5.34,car,1.24,,
flow4.6_truck,1041.0,-758926622_0,5.1,0.0,0.04,1317.0,132346057#5_0,344.19,7.32,276.0,1923.34,44.0,1,0.0,102.52,0,tripinfo_flow4.6_truck emissions_flow4.6_truck,car,1.0,,
flow5.34.1,1230.0,67209282#0_0,5.1,0.0,3.0,1317.0,-67504621_0,163.75,12.34,87.0,732.17,0.0,0,0.0,32.74,0,tripinfo_flow5.34.1 emissions_flow5.34.1,car,1.11,,
flow4.6_truck.1,1044.0,-758926622_0,5.1,0.0,3.04,1319.0,132346057#5_0,344.19,7.64,275.0,1923.34,41.0,1,0.0,97.12,0,tripinfo_flow4.6_truck.1 emissions_flow4.6_truck.1,car,0.97,,
flow4.6_truck.2,1047.0,-758926622_0,5.1,0.0,6.04,1349.0,132346057#5_0,344.19,6.88,302.0,1923.34,76.0,2,0.0,123.64,0,tripinfo_flow4.6_truck.2 emissions_flow4.6_truck.2,car,0.96,,
flow5.34.2,1233.0,67209282#0_0,5.1,0.0,6.0,1349.0,-67504621_0,163.75,12.65,116.0,732.17,46.0,1,0.0,61.58,0,tripinfo_flow5.34.2 emissions_flow5.34.2,car,1.09,,
flow4.6_truck.3,1050.0,-758926622_0,5.1,0.0,9.04,1351.0,132346057#5_0,344.19,8.0,301.0,1923.34,73.0,2,0.0,125.84,0,tripinfo_flow4.6_truck.3 emissions_flow4.6_truck.3,car,0.98,,
flow4.6_truck.4,1053.0,-758926622_0,5.1,0.0,12.04,1353.0,132346057#5_0,344.19,8.93,300.0,1923.34,71.0,3,0.0,134.74,0,tripinfo_flow4.6_truck.4 emissions_flow4.6_truck.4,car,1.1,,
flow5.34.3,1236.0,67209282#0_0,5.1,0.0,9.0,1353.0,-67504621_0,163.75,13.6,117.0,732.17,46.0,1,0.0,61.84,0,tripinfo_flow5.34.3 emissions_flow5.34.3,car,0.99,,
flow5.34.4,1239.0,67209282#0_0,5.1,0.0,12.0,1355.0,-67504621_0,163.75,13.06,116.0,732.17,45.0,1,0.0,61.7,0,tripinfo_flow5.34.4 emissions_flow5.34.4,car,1.04,,
flow4.23,1118.0,-758926622_0,5.1,0.0,0.0,1357.0,132346057#5_0,344.19,7.75,239.0,1923.34,28.0,1,0.0,61.32,0,tripinfo_flow4.23 emissions_flow4.23,car,0.97,,
flow4.23.1,1121.0,-758926622_0,5.1,0.0,3.0,1359.0,132346057#5_0,344.19,8.0,238.0,1923.34,28.0,1,0.0,69.34,0,tripinfo_flow4.23.1 emissions_flow4.23.1,car,1.07,,
flow4.23.2,1124.0,-758926622_0,5.1,0.0,6.0,1371.0,132346057#5_0,344.19,7.91,247.0,1923.34,49.0,1,0.0,79.83,0,tripinfo_flow4.23.2 emissions_flow4.23.2,car,1.07,,
flow4.23.3,1127.0,-758926622_0,5.1,0.0,9.0,1390.0,132346057#5_0,344.19,6.68,263.0,1923.34,42.0,1,0.0,76.01,0,tripinfo_flow4.23.3 emissions_flow4.23.3,car,0.91,,
flow4.23.4,1130.0,-758926622_0,5.1,0.0,12.0,1392.0,132346057#5_0,344.19,7.57,262.0,1923.34,40.0,1,0.0,88.61,0,tripinfo_flow4.23.4 emissions_flow4.23.4,car,1.0,,
flow4.25,1240.0,-758926622_0,5.1,0.0,0.0,1491.0,132346057#5_0,344.19,7.89,251.0,1923.34,0.0,0,0.0,18.02,0,tripinfo_flow4.25 emissions_flow4.25,car_slow,1.14,,
flow4.25.1,1244.0,-758926622_0,5.1,0.0,4.0,1505.0,132346057#5_0,344.19,8.0,261.0,1923.34,4.0,1,0.0,25.9,0,tripinfo_flow4.25.1 emissions_flow4.25.1,car_slow,0.97,,
flow4.25.2,1248.0,-758926622_0,5.1,0.0,8.0,1507.0,132346057#5_0,344.19,8.28,259.0,1923.34,2.0,1,0.0,26.66,0,tripinfo_flow4.25.2 emissions_flow4.25.2,car_slow,1.15,,
flow5.32,1440.0,67209282#0_0,5.1,0.0,0.0,1533.0,-67504621_0,163.75,11.46,93.0,732.17,18.0,1,0.0,33.06,0,tripinfo_flow5.32 emissions_flow5.32,car,0.87,,
flow5.32.1,1443.0,67209282#0_0,5.1,0.0,3.0,1534.0,-67504621_0,163.75,12.38,91.0,732.17,18.0,1,0.0,36.78,0,tripinfo_flow5.32.1 emissions_flow5.32.1,car,1.05,,
flow5.32.2,1446.0,67209282#0_0,5.1,0.0,6.0,1537.0,-67504621_0,163.75,12.51,91.0,732.17,16.0,1,0.0,35.28,0,tripinfo_flow5.32.2 emissions_flow5.32.2,car,0.98,,
flow5.32.3,1449.0,67209282#0_0,5.1,0.0,9.0,1542.0,-67504621_0,163.75,10.68,93.0,732.17,15.0,1,0.0,32.34,0,tripinfo_flow5.32.3 emissions_flow5.32.3,car,0.85,,
flow5.32.4,1452.0,67209282#0_0,5.1,0.0,12.0,1544.0,-67504621_0,163.75,13.07,92.0,732.17,12.0,1,0.0,36.15,0,tripinfo_flow5.32.4 emissions_flow5.32.4,car,0.97,,
flow5.17_truck,1473.0,67209282#0_0,5.1,0.0,0.35,1548.0,-67504621_0,163.75,13.12,75.0,732.17,0.0,0,0.0,20.64,0,tripinfo_flow5.17_truck emissions_flow5.17_truck,car,1.08,,
flow5.17_truck.1,1476.0,67209282#0_0,5.1,0.0,3.35,1552.0,-67504621_0,163.75,11.87,76.0,732.17,0.0,0,0.0,19.0,0,tripinfo_flow5.17_truck.1 emissions_flow5.17_truck.1,car,0.95,,
flow5.17_truck.2,1479.0,67209282#0_0,5.1,0.0,6.35,1555.0,-67504621_0,163.75,12.96,76.0,732.17,0.0,0,0.0,21.25,0,tripinfo_flow5.17_truck.2 emissions_flow5.17_truck.2,car,1.02,,
flow5.17_truck.3,1482.0,67209282#0_0,5.1,0.0,9.35,1563.0,-67504621_0,163.75,9.75,81.0,732.17,0.0,0,0.0,16.29,0,tripinfo_flow5.17_truck.3 emissions_flow5.17_truck.3,car,0.76,,
flow5.17_truck.4,1485.0,67209282#0_0,5.1,0.0,12.35,1565.0,-67504621_0,163.75,13.13,80.0,732.17,0.0,0,0.0,25.33,0,tripinfo_flow5.17_truck.4 emissions_flow5.17_truck.4,car,1.04,,
flow4.25.3,1252.0,-758926622_0,5.1,0.0,12.0,1582.0,132346057#5_0,344.19,7.04,330.0,1923.34,54.0,2,0.0,88.97,0,tripinfo_flow4.25.3 emissions_flow4.25.3,car_slow,0.91,,
flow4.25.4,1255.0,-758926622_0,5.1,0.0,15.0,1584.0,132346057#5_0,344.19,7.85,329.0,1923.34,53.0,2,0.0,92.48,0,tripinfo_flow4.25.4 emissions_flow4.25.4,car_slow,0.96,,
flow4.9_bus,1280.0,-758926622_0,5.1,0.0,0.56,1586.0,132346057#5_0,344.19,8.08,306.0,1923.34,33.0,2,0.0,73.4,0,tripinfo_flow4.9_bus emissions_flow4.9_bus,car_slow,1.04,,
flow4.9_bus.1,1284.0,-758926622_0,5.1,0.0,4.56,1605.0,132346057#5_0,344.19,6.66,321.0,1923.34,43.0,2,0.0,76.81,0,tripinfo_flow4.9_bus.1 emissions_flow4.9_bus.1,car_slow,0.88,,
flow4.9_bus.2,1287.0,-758926622_0,5.1,0.0,7.56,1607.0,132346057#5_0,344.19,8.01,320.0,1923.34,40.0,2,0.0,87.36,0,tripinfo_flow4.9_bus.2 emissions_flow4.9_bus.2,car_slow,1.1,,
flow4.9_bus.3,1292.0,-758926622_0,5.1,0.0,12.56,1609.0,132346057#5_0,344.19,7.61,317.0,1923.34,39.0,2,0.0,84.74,0,tripinfo_flow4.9_bus.3 emissions_flow4.9_bus.3,car_slow,1.13,,
flow4.9_bus.4,1296.0,-758926622_0,5.1,0.0,16.56,1611.0,132346057#5_0,344.19,7.6,315.0,1923.34,32.0,2,0.0,78.26,0,tripinfo_flow4.9_bus.4 emissions_flow4.9_bus.4,car_slow,0.95,,
flow4.24,1300.0,-758926622_0,5.1,0.0,10.0,1613.0,132346057#5_0,344.19,8.03,313.0,1923.34,31.0,2,0.0,142.07,0,tripinfo_flow4.24 emissions_flow4.24,car,1.01,,
flow4.24.1,1303.0,-758926622_0,5.1,0.0,13.0,1616.0,132346057#5_0,344.19,7.3,313.0,1923.34,30.0,2,0.0,135.56,0,tripinfo_flow4.24.1 emissions_flow4.24.1,car,0.97,,
flow5.19_truck,1556.0,67209282#0_0,5.1,0.0,0.78,1616.0,-67504621_0,163.75,12.73,60.0,732.17,0.0,0,0.0,11.56,0,tripinfo_flow5.19_truck emissions_flow5.19_truck,car_fast,0.98,,
flow4.24.2,1307.0,-758926622_0,5.1,0.0,17.0,1618.0,132346057#5_0,344.19,7.95,311.0,1923.34,33.0,3,0.0,136.74,0,tripinfo_flow4.24.2 emissions_flow4.24.2,car,0.99,,
flow4.24.3,1310.0,-758926622_0,5.1,0.0,20.0,1620.0,132346057#5_0,344.19,7.75,310.0,1923.34,32.0,3,0.0,139.56,0,tripinfo_flow4.24.3 emissions_flow4.24.3,car,1.02,,
flow4.24.4,1313.0,-758926622_0,5.1,0.0,23.0,1623.0,132346057#5_0,344.19,7.94,310.0,1923.34,30.0,3,0.0,137.52,0,tripinfo_flow4.24.4 emissions_flow4.24.4,car,1.01,,
flow5.19_truck.1,1559.0,67209282#0_0,5.1,0.0,3.78,1623.0,-67504621_0,163.75,12.23,64.0,732.17,0.0,0,0.0,12.09,0,tripinfo_flow5.19_truck.1 emissions_flow5.19_truck.1,car_fast,0.89,,
flow5.19_truck.2,1562.0,67209282#0_0,5.1,0.0,6.78,1625.0,-67504621_0,163.75,14.09,63.0,732.17,0.0,0,0.0,18.27,0,tripinfo_flow5.19_truck.2 emissions_flow5.19_truck.2,car_fast,1.1,,
flow5.19_truck.3,1565.0,67209282#0_0,5.1,0.0,9.78,1627.0,-67504621_0,163.75,15.41,62.0,732.17,0.0,0,0.0,18.85,0,tripinfo_flow5.19_truck.3 emissions_flow5.19_truck.3,car_fast,1.19,,
flow5.19_truck.4,1568.0,67209282#0_0,5.1,0.0,12.78,1631.0,-67504621_0,163.75,13.37,63.0,732.17,0.0,0,0.0,13.93,0,tripinfo_flow5.19_truck.4 emissions_flow5.19_truck.4,car_fast,0.97,,
flow4.34,1334.0,-758926622_0,5.1,0.0,0.0,1649.0,132346057#5_0,344.19,7.28,315.0,1923.34,67.0,2,0.0,138.68,0,tripinfo_flow4.34 emissions_flow4.34,car,0.97,,
flow4.34.1,1337.0,-758926622_0,5.1,0.0,3.0,1651.0,132346057#5_0,344.19,8.5,314.0,1923.34,65.0,2,0.0,144.57,0,tripinfo_flow4.34.1 emissions_flow4.34.1,car,1.04,,
flow4.34.2,1340.0,-758926622_0,5.1,0.0,6.0,1653.0,132346057#5_0,344.19,8.54,313.0,1923.34,65.0,2,0.0,150.52,0,tripinfo_flow4.34.2 emissions_flow4.34.2,car,1.14,,
flow4.34.3,1343.0,-758926622_0,5.1,0.0,9.0,1665.0,132346057#5_0,344.19,8.86,322.0,1923.34,77.0,4,0.0,157.32,0,tripinfo_flow4.34.3 emissions_flow4.34.3,car,1.11,,
flow4.34.4,1346.0,-758926622_0,5.1,0.0,12.0,1683.0,132346057#5_0,344.19,7.21,337.0,1923.34,69.0,3,0.0,154.71,0,tripinfo_flow4.34.4 emissions_flow4.34.4,car,0.93,,
flow4.32,1349.0,-758926622_0,5.1,0.0,11.0,1692.0,132346057#5_0,344.19,7.1,343.0,1923.34,44.0,1,0.0,98.65,0,tripinfo_flow4.32 emissions_flow4.32,car_slow,0.88,,
flow4.32.1,1353.0,-758926622_0,5.1,0.0,15.0,1694.0,132346057#5_0,344.19,7.74,341.0,1923.34,43.0,1,0.0,107.08,0,tripinfo_flow4.32.1 emissions_flow4.32.1,car_slow,0.99,,
flow4.32.2,1357.0,-758926622_0,5.1,0.0,19.0,1696.0,132346057#5_0,344.19,7.57,339.0,1923.34,43.0,1,0.0,104.42,0,tripinfo_flow4.32.2 emissions_flow4.32.2,car_slow,0.98,,
flow4.32.3,1361.0,-758926622_0,5.1,0.0,23.0,1702.0,132346057#5_0,344.19,6.62,341.0,1923.34,42.0,1,0.0,96.3,0,tripinfo_flow4.32.3 emissions_flow4.32.3,car_slow,0.88,,
flow4.32.4,1365.0,-758926622_0,5.1,0.0,27.0,1727.0,132346057#5_0,344.19,5.32,362.0,1923.34,42.0,1,0.0,94.62,0,tripinfo_flow4.32.4 emissions_flow4.32.4,car_slow,0.71,,
flow5.36,1658.0,67209282#0_0,5.1,0.0,0.0,1727.0,-67504621_0,163.75,13.05,69.0,732.17,0.0,0,0.0,14.17,0,tripinfo_flow5.36 emissions_flow5.36,car,1.06,,
flow4.19_truck,1397.0,-758926622_0,5.1,0.0,0.58,1729.0,132346057#5_0,344.19,7.74,332.0,1923.34,21.0,2,0.0,99.18,0,tripinfo_flow4.19_truck emissions_flow4.19_truck,car_slow,1.13,,
flow5.36.1,1661.0,67209282#0_0,5.1,0.0,3.0,1730.0,-67504621_0,163.75,13.08,69.0,732.17,0.0,0,0.0,13.97,0,tripinfo_flow5.36.1 emissions_flow5.36.1,car,0.99,,
flow5.36.2,1664.0,67209282#0_0,5.1,0.0,6.0,1733.0,-67504621_0,163.75,13.09,69.0,732.17,0.0,0,0.0,13.72,0,tripinfo_flow5.36.2 emissions_flow5.36.2,car,0.99,,
flow5.36.3,1667.0,67209282#0_0,5.1,0.0,9.0,1737.0,-67504621_0,163.75,12.77,70.0,732.17,0.0,0,0.0,14.23,0,tripinfo_flow5.36.3 emissions_flow5.36.3,car,1.05,,
flow5.36.4,1670.0,67209282#0_0,5.1,0.0,12.0,1741.0,-67504621_0,163.75,11.69,71.0,732.17,0.0,0,0.0,12.9,0,tripinfo_flow5.36.4 emissions_flow5.36.4,car,0.9,,
flow4.19_truck.1,1400.0,-758926622_0,5.1,0.0,3.58,1745.0,132346057#5_0,344.19,8.12,345.0,1923.34,63.0,2,0.0,112.12,0,tripinfo_flow4.19_truck.1 emissions_flow4.19_truck.1,car_slow,1.04,,
flow4.19_truck.2,1404.0,-758926622_0,5.1,0.0,7.58,1755.0,132346057#5_0,344.19,7.82,351.0,1923.34,61.0,3,0.0,114.17,0,tripinfo_flow4.19_truck.2 emissions_flow4.19_truck.2,car_slow,0.96,,
flow4.19_truck.3,1408.0,-758926622_0,5.1,0.0,11.58,1759.0,132346057#5_0,344.19,7.85,351.0,1923.34,61.0,3,0.0,118.43,0,tripinfo_flow4.19_truck.3 emissions_flow4.19_truck.3,car_slow,1.13,,
flow4.19_truck.4,1412.0,-758926622_0,5.1,0.0,15.58,1782.0,132346057#5_0,344.19,7.32,370.0,1923.34,70.0,3,0.0,133.64,0,tripinfo_flow4.19_truck.4 emissions_flow4.19_truck.4,car_slow,0.96,,
flow4.36,1453.0,-758926622_0,5.1,0.0,0.0,1798.0,132346057#5_0,344.19,7.0,345.0,1923.34,61.0,4,0.0,150.32,0,tripinfo_flow4.36 emissions_flow4.36,car,0.87,,
flow4.36.1,1456.0,-758926622_0,5.1,0.0,3.0,1800.0,132346057#5_0,344.19,9.93,344.0,1923.34,57.0,3,0.0,185.39,0,tripinfo_flow4.36.1 emissions_flow4.36.1,car,1.21,,
flow4.36.2,1459.0,-758926622_0,5.1,0.0,6.0,1802.0,132346057#5_0,344.19,8.14,343.0,1923.34,53.0,3,0.0,169.16,0,tripinfo_flow4.36.2 emissions_flow4.36.2,car,0.99,,
flow4.36.3,1462.0,-758926622_0,5.1,0.0,9.0,1804.0,132346057#5_0,344.19,7.02,342.0,1923.34,51.0,4,0.0,165.19,0,tripinfo_flow4.36.3 emissions_flow4.36.3,car,0.97,,
flow4.36.4,1466.0,-758926622_0,5.1,0.0,13.0,1827.0,132346057#5_0,344.19,8.21,361.0,1923.34,90.0,2,0.0,187.4,0,tripinfo_flow4.36.4 emissions_flow4.36.4,car,0.99,,
flow4.41,1603.0,-758926622_0,5.1,0.0,0.0,1835.0,132346057#5_0,344.19,7.77,232.0,1923.34,17.0,1,0.0,54.4,0,tripinfo_flow4.41 emissions_flow4.41,car,0.97,,
flow4.41.1,1606.0,-758926622_0,5.1,0.0,3.0,1837.0,132346057#5_0,344.19,8.67,231.0,1923.34,16.0,1,0.0,66.36,0,tripinfo_flow4.41.1 emissions_flow4.41.1,car,1.09,,
flow4.41.2,1609.0,-758926622_0,5.1,0.0,6.0,1839.0,132346057#5_0,344.19,8.7,230.0,1923.34,17.0,2,0.0,68.03,0,tripinfo_flow4.41.2 emissions_flow4.41.2,car,1.14,,
flow4.41.3,1612.0,-758926622_0,5.1,0.0,9.0,1842.0,132346057#5_0,344.19,8.01,230.0,1923.34,16.0,2,0.0,61.38,0,tripinfo_flow4.41.3 emissions_flow4.41.3,car,1.05,,
flow4.41.4,1615.0,-758926622_0,5.1,0.0,12.0,1858.0,132346057#5_0,344.19,7.92,243.0,1923.34,12.0,1,0.0,64.95,0,tripinfo_flow4.41.4 emissions_flow4.41.4,car,0.96,,
flow5.41,1848.0,67209282#0_0,5.1,0.0,0.0,1902.0,-67504621_0,163.75,15.4,54.0,732.17,0.0,0,0.0,9.57,0,tripinfo_flow5.41 emissions_flow5.41,car_fast,1.13,,
flow5.41.1,1851.0,67209282#0_0,5.1,0.0,3.0,1910.0,-67504621_0,163.75,13.12,59.0,732.17,0.0,0,0.0,10.51,0,tripinfo_flow5.41.1 emissions_flow5.41.1,car_fast,0.98,,
flow5.41.2,1853.0,67209282#0_0,5.1,0.0,5.0,1912.0,-67504621_0,163.75,16.05,59.0,732.17,0.0,0,0.0,16.54,0,tripinfo_flow5.41.2 emissions_flow5.41.2,car_fast,1.18,,
flow5.41.3,1856.0,67209282#0_0,5.1,0.0,8.0,1915.0,-67504621_0,163.75,14.56,59.0,732.17,0.0,0,0.0,14.67,0,tripinfo_flow5.41.3 emissions_flow5.41.3,car_fast,1.13,,
flow5.41.4,1859.0,67209282#0_0,5.1,0.0,11.0,1918.0,-67504621_0,163.75,15.03,59.0,732.17,0.0,0,0.0,15.09,0,tripinfo_flow5.41.4 emissions_flow5.41.4,car_fast,1.16,,
flow5.49,1926.0,67209282#0_0,5.1,0.0,0.0,1992.0,-67504621_0,163.75,12.4,66.0,732.17,0.0,0,0.0,8.87,0,tripinfo_flow5.49 emissions_flow5.49,car,0.93,,
flow5.49.1,1929.0,67209282#0_0,5.1,0.0,3.0,1996.0,-67504621_0,163.75,12.78,67.0,732.17,0.0,0,0.0,11.32,0,tripinfo_flow5.49.1 emissions_flow5.49.1,car,0.95,,
flow5.49.2,1932.0,67209282#0_0,5.1,0.0,6.0,1998.0,-67504621_0,163.75,13.79,66.0,732.17,0.0,0,0.0,11.3,0,tripinfo_flow5.49.2 emissions_flow5.49.2,car,1.0,,
flow5.49.3,1935.0,67209282#0_0,5.1,0.0,9.0,2003.0,-67504621_0,163.75,12.33,68.0,732.17,0.0,0,0.0,10.31,0,tripinfo_flow5.49.3 emissions_flow5.49.3,car,0.9,,
flow5.49.4,1938.0,67209282#0_0,5.1,0.0,12.0,2005.0,-67504621_0,163.75,12.09,67.0,732.17,0.0,0,0.0,11.2,0,tripinfo_flow5.49.4 emissions_flow5.49.4,car,0.96,,
flow5.47,1941.0,67209282#0_0,5.1,0.0,9.0,2008.0,-67504621_0,163.75,12.7,67.0,732.17,0.0,0,0.0,12.47,0,tripinfo_flow5.47 emissions_flow5.47,car,1.02,,
flow5.47.1,1944.0,67209282#0_0,5.1,0.0,12.0,2012.0,-67504621_0,163.75,12.87,68.0,732.17,0.0,0,0.0,12.47,0,tripinfo_flow5.47.1 emissions_flow5.47.1,car,1.01,,
flow5.47.2,1947.0,67209282#0_0,5.1,0.0,15.0,2016.0,-67504621_0,163.75,12.8,69.0,732.17,0.0,0,0.0,12.03,0,tripinfo_flow5.47.2 emissions_flow5.47.2,car,0.93,,
flow5.47.3,1950.0,67209282#0_0,5.1,0.0,18.0,2017.0,-67504621_0,163.75,12.98,67.0,732.17,0.0,0,0.0,12.61,0,tripinfo_flow5.47.3 emissions_flow5.47.3,car,1.18,,
flow5.47.4,1953.0,67209282#0_0,5.1,0.0,21.0,2023.0,-67504621_0,163.75,12.13,70.0,732.17,0.0,0,0.0,11.17,0,tripinfo_flow5.47.4 emissions_flow5.47.4,car,0.89,,
flow5.54,1956.0,67209282#0_0,5.1,0.0,2.0,2067.0,-67504621_0,163.75,11.63,111.0,732.17,44.0,1,0.0,57.56,0,tripinfo_flow5.54 emissions_flow5.54,car_fast,0.86,,
flow5.54.1,1959.0,67209282#0_0,5.1,0.0,5.0,2068.0,-67504621_0,163.75,12.79,109.0,732.17,43.0,1,0.0,61.38,0,tripinfo_flow5.54.1 emissions_flow5.54.1,car_fast,1.0,,
flow5.54.2,1962.0,67209282#0_0,5.1,0.0,8.0,2071.0,-67504621_0,163.75,12.48,109.0,732.17,41.0,1,0.0,59.9,0,tripinfo_flow5.54.2 emissions_flow5.54.2,car_fast,0.95,,
flow5.54.3,1965.0,67209282#0_0,5.1,0.0,11.0,2074.0,-67504621_0,163.75,12.99,109.0,732.17,40.0,1,0.0,60.37,0,tripinfo_flow5.54.3 emissions_flow5.54.3,car_fast,0.98,,
flow5.54.4,1967.0,67209282#0_0,5.1,0.0,13.0,2078.0,-67504621_0,163.75,12.99,111.0,732.17,39.0,1,0.0,60.68,0,tripinfo_flow5.54.4 emissions_flow5.54.4,car_fast,0.94,,
flow4.52,1907.0,-758926622_0,5.1,0.0,0.0,2130.0,132346057#5_0,344.19,6.45,223.0,1923.34,0.0,0,0.0,29.5,0,tripinfo_flow4.52 emissions_flow4.52,car,0.87,,
flow4.52.1,1910.0,-758926622_0,5.1,0.0,3.0,2135.0,132346057#5_0,344.19,6.52,225.0,1923.34,0.0,0,0.0,29.11,0,tripinfo_flow4.52.1 emissions_flow4.52.1,car,0.87,,
flow4.52.2,1913.0,-758926622_0,5.1,0.0,6.0,2147.0,132346057#5_0,344.19,6.2,234.0,1923.34,0.0,0,0.0,29.96,0,tripinfo_flow4.52.2 emissions_flow4.52.2,car,0.82,,
flow4.52.3,1916.0,-758926622_0,5.1,0.0,9.0,2149.0,132346057#5_0,344.19,7.29,233.0,1923.34,0.0,0,0.0,50.33,0,tripinfo_flow4.52.3 emissions_flow4.52.3,car,0.94,,
flow4.52.4,1919.0,-758926622_0,5.1,0.0,12.0,2151.0,132346057#5_0,344.19,7.14,232.0,1923.34,0.0,0,0.0,59.85,0,tripinfo_flow4.52.4 emissions_flow4.52.4,car,1.01,,
flow5.57,2068.0,67209282#0_0,5.1,0.0,0.0,2160.0,-67504621_0,163.75,12.33,92.0,732.17,22.0,1,0.0,35.09,0,tripinfo_flow5.57 emissions_flow5.57,car,0.95,,
flow5.57.1,2071.0,67209282#0_0,5.1,0.0,3.0,2161.0,-67504621_0,163.75,13.11,90.0,732.17,21.0,1,0.0,35.91,0,tripinfo_flow5.57.1 emissions_flow5.57.1,car,1.2,,
flow5.57.2,2074.0,67209282#0_0,5.1,0.0,6.0,2166.0,-67504621_0,163.75,11.9,92.0,732.17,18.0,1,0.0,34.14,0,tripinfo_flow5.57.2 emissions_flow5.57.2,car,0.9,,
flow5.57.3,2077.0,67209282#0_0,5.1,0.0,9.0,2168.0,-67504621_0,163.75,13.61,91.0,732.17,16.0,1,0.0,35.42,0,tripinfo_flow5.57.3 emissions_flow5.57.3,car,0.99,,
flow1.32.4,1417.0,-355037966#4_0,5.1,0.0,17.0,2170.0,758926622_0,154.47,12.73,753.0,1323.87,607.0,4,0.0,652.11,0,tripinfo_flow1.32.4 emissions_flow1.32.4,car,0.97,,
flow5.57.4,2080.0,67209282#0_0,5.1,0.0,12.0,2170.0,-67504621_0,163.75,13.11,90.0,732.17,16.0,1,0.0,35.34,0,tripinfo_flow5.57.4 emissions_flow5.57.4,car,1.12,,
flow5.53,2098.0,67209282#0_0,5.1,0.0,0.0,2178.0,-67504621_0,163.75,13.65,80.0,732.17,7.0,1,0.0,25.83,0,tripinfo_flow5.53 emissions_flow5.53,car,1.11,,
flow5.53.1,2100.0,67209282#0_0,5.1,0.0,2.0,2182.0,-67504621_0,163.75,13.36,82.0,732.17,4.0,1,0.0,26.85,0,tripinfo_flow5.53.1 emissions_flow5.53.1,car,1.0,,
flow5.53.2,2103.0,67209282#0_0,5.1,0.0,5.0,2185.0,-67504621_0,163.75,12.64,82.0,732.17,2.0,1,0.0,26.74,0,tripinfo_flow5.53.2 emissions_flow5.53.2,car,1.14,,
flow5.53.3,2106.0,67209282#0_0,5.1,0.0,8.0,2188.0,-67504621_0,163.75,13.7,82.0,732.17,3.0,1,0.0,26.94,0,tripinfo_flow5.53.3 emissions_flow5.53.3,car,1.02,,
flow5.53.4,2109.0,67209282#0_0,5.1,0.0,11.0,2190.0,-67504621_0,163.75,13.59,81.0,732.17,0.0,0,0.0,26.4,0,tripinfo_flow5.53.4 emissions_flow5.53.4,car,1.11,,
flow4.49,1963.0,-758926622_0,5.1,0.0,0.0,2197.0,132346057#5_0,344.19,9.04,234.0,1923.34,37.0,2,0.0,69.81,0,tripinfo_flow4.49 emissions_flow4.49,car,1.11,,
flow4.49.1,1966.0,-758926622_0,5.1,0.0,3.0,2228.0,132346057#5_0,344.19,6.21,262.0,1923.34,15.0,2,0.0,57.83,0,tripinfo_flow4.49.1 emissions_flow4.49.1,car,0.82,,
flow4.49.2,1969.0,-758926622_0,5.1,0.0,6.0,2230.0,132346057#5_0,344.19,8.18,261.0,1923.34,14.0,2,0.0,98.1,0,tripinfo_flow4.49.2 emissions_flow4.49.2,car,1.13,,
flow4.49.3,1972.0,-758926622_0,5.1,0.0,9.0,2235.0,132346057#5_0,344.19,7.31,263.0,1923.34,15.0,3,0.0,73.37,0,tripinfo_flow4.49.3 emissions_flow4.49.3,car,0.9,,
flow4.49.4,1975.0,-758926622_0,5.1,0.0,12.0,2237.0,132346057#5_0,344.19,7.84,262.0,1923.34,12.0,2,0.0,90.02,0,tripinfo_flow4.49.4 emissions_flow4.49.4,car,1.02,,
flow5.52,2142.0,67209282#0_0,5.1,0.0,0.0,2249.0,-67504621_0,163.75,12.65,107.0,732.17,36.0,1,0.0,52.8,0,tripinfo_flow5.52 emissions_flow5.52,car,1.1,,
flow4.47,1978.0,-758926622_0,5.1,0.0,7.0,2251.0,132346057#5_0,344.19,5.73,273.0,1923.34,7.0,2,0.0,67.06,0,tripinfo_flow4.47 emissions_flow4.47,car,0.82,,
flow5.52.1,2144.0,67209282#0_0,5.1,0.0,2.0,2252.0,-67504621_0,163.75,13.46,108.0,732.17,33.0,1,0.0,52.82,0,tripinfo_flow5.52.1 emissions_flow5.52.1,car,1.08,,
flow4.47.1,1981.0,-758926622_0,5.1,0.0,10.0,2253.0,132346057#5_0,344.19,8.05,272.0,1923.34,5.0,2,0.0,94.8,0,tripinfo_flow4.47.1 emissions_flow4.47.1,car,0.97,,
flow4.47.2,1984.0,-758926622_0,5.1,0.0,13.0,2255.0,132346057#5_0,344.19,8.4,271.0,1923.34,10.0,2,0.0,100.47,0,tripinfo_flow4.47.2 emissions_flow4.47.2,car,1.03,,
flow4.47.3,1988.0,-758926622_0,5.1,0.0,17.0,2257.0,132346057#5_0,344.19,7.8,269.0,1923.34,8.0,3,0.0,92.73,0,tripinfo_flow4.47.3 emissions_flow4.47.3,car,0.98,,
flow5.52.2,2148.0,67209282#0_0,5.1,0.0,6.0,2257.0,-67504621_0,163.75,12.64,109.0,732.17,33.0,1,0.0,51.51,0,tripinfo_flow5.52.2 emissions_flow5.52.2,car,0.92,,
flow4.47.4,1991.0,-758926622_0,5.1,0.0,20.0,2259.0,132346057#5_0,344.19,7.92,268.0,1923.34,8.0,3,0.0,98.8,0,tripinfo_flow4.47.4 emissions_flow4.47.4,car,1.03,,
flow5.52.3,2151.0,67209282#0_0,5.1,0.0,9.0,2262.0,-67504621_0,163.75,11.05,111.0,732.17,31.0,1,0.0,50.16,0,tripinfo_flow5.52.3 emissions_flow5.52.3,car,0.84,,
flow5.52.4,2154.0,67209282#0_0,5.1,0.0,12.0,2264.0,-67504621_0,163.75,10.62,110.0,732.17,31.0,1,0.0,49.71,0,tripinfo_flow5.52.4 emissions_flow5.52.4,car,0.85,,
flow5.50,2171.0,67209282#0_0,5.1,0.0,0.0,2266.0,-67504621_0,163.75,13.25,95.0,732.17,18.0,1,0.0,39.07,0,tripinfo_flow5.50 emissions_flow5.50,car,0.96,,
flow5.50.1,2174.0,67209282#0_0,5.1,0.0,3.0,2271.0,-67504621_0,163.75,11.6,97.0,732.17,14.0,1,0.0,36.5,0,tripinfo_flow5.50.1 emissions_flow5.50.1,car,0.85,,
flow5.50.2,2177.0,67209282#0_0,5.1,0.0,6.0,2272.0,-67504621_0,163.75,13.8,95.0,732.17,12.0,1,0.0,40.25,0,tripinfo_flow5.50.2 emissions_flow5.50.2,car,1.14,,
flow5.50.3,2180.0,67209282#0_0,5.1,0.0,9.0,2274.0,-67504621_0,163.75,12.88,94.0,732.17,11.0,1,0.0,39.54,0,tripinfo_flow5.50.3 emissions_flow5.50.3,car,1.1,,
flow5.50.4,2184.0,67209282#0_0,5.1,0.0,13.0,2277.0,-67504621_0,163.75,13.35,93.0,732.17,9.0,1,0.0,38.11,0,tripinfo_flow5.50.4 emissions_flow5.50.4,car,1.06,,
flow5.51,2187.0,67209282#0_0,5.1,0.0,10.0,2280.0,-67504621_0,163.75,13.1,93.0,732.17,9.0,1,0.0,37.89,0,tripinfo_flow5.51 emissions_flow5.51,car,0.99,,
flow5.51.1,2190.0,67209282#0_0,5.1,0.0,13.0,2284.0,-67504621_0,163.75,12.03,94.0,732.17,6.0,1,0.0,35.67,0,tripinfo_flow5.51.1 emissions_flow5.51.1,car,0.9,,
flow5.51.2,2193.0,67209282#0_0,5.1,0.0,16.0,2286.0,-67504621_0,163.75,13.44,93.0,732.17,7.0,1,0.0,38.61,0,tripinfo_flow5.51.2 emissions_flow5.51.2,car,1.19,,
flow5.51.3,2196.0,67209282#0_0,5.1,0.0,19.0,2290.0,-67504621_0,163.75,12.77,94.0,732.17,5.0,1,0.0,36.18,0,tripinfo_flow5.51.3 emissions_flow5.51.3,car,0.93,,
flow5.51.4,2199.0,67209282#0_0,5.1,0.0,22.0,2291.0,-67504621_0,163.75,13.18,92.0,732.17,4.0,1,0.0,38.46,0,tripinfo_flow5.51.4 emissions_flow5.51.4,car,1.07,,
flow4.50,2015.0,-758926622_0,5.1,0.0,0.0,2325.0,132346057#5_0,344.19,6.92,310.0,1923.34,77.0,3,0.0,131.36,0,tripinfo_flow4.50 emissions_flow4.50,car,0.96,,
flow4.50.1,2018.0,-758926622_0,5.1,0.0,3.0,2328.0,132346057#5_0,344.19,7.35,310.0,1923.34,73.0,3,0.0,129.28,0,tripinfo_flow4.50.1 emissions_flow4.50.1,car,0.95,,
flow4.50.2,2021.0,-758926622_0,5.1,0.0,6.0,2330.0,132346057#5_0,344.19,8.34,309.0,1923.34,71.0,3,0.0,143.07,0,tripinfo_flow4.50.2 emissions_flow4.50.2,car,1.08,,
flow5.59,2238.0,67209282#0_0,5.1,0.0,0.0,2340.0,-67504621_0,163.75,13.25,102.0,732.17,33.0,1,0.0,46.5,0,tripinfo_flow5.59 emissions_flow5.59,car,0.98,,
flow5.59.1,2241.0,67209282#0_0,5.1,0.0,3.0,2342.0,-67504621_0,163.75,12.8,101.0,732.17,32.0,1,0.0,46.0,0,tripinfo_flow5.59.1 emissions_flow5.59.1,car,1.12,,
flow5.59.2,2244.0,67209282#0_0,5.1,0.0,6.0,2344.0,-67504621_0,163.75,12.71,100.0,732.17,31.0,1,0.0,45.61,0,tripinfo_flow5.59.2 emissions_flow5.59.2,car,1.26,,
flow4.50.3,2024.0,-758926622_0,5.1,0.0,9.0,2345.0,132346057#5_0,344.19,6.29,321.0,1923.34,63.0,3,0.0,124.01,0,tripinfo_flow4.50.3 emissions_flow4.50.3,car,0.86,,
flow4.50.4,2027.0,-758926622_0,5.1,0.0,12.0,2347.0,132346057#5_0,344.19,9.0,320.0,1923.34,61.0,3,0.0,159.6,0,tripinfo_flow4.50.4 emissions_flow4.50.4,car,1.19,,
flow5.59.3,2247.0,67209282#0_0,5.1,0.0,9.0,2347.0,-67504621_0,163.75,13.69,100.0,732.17,29.0,1,0.0,45.6,0,tripinfo_flow5.59.3 emissions_flow5.59.3,car,1.07,,
flow5.59.4,2250.0,67209282#0_0,5.1,0.0,12.0,2351.0,-67504621_0,163.75,13.08,101.0,732.17,27.0,1,0.0,45.11,0,tripinfo_flow5.59.4 emissions_flow5.59.4,car,0.98,,
flow4.53,2201.0,-758926622_0,5.1,0.0,0.0,2378.0,132346057#5_0,344.19,9.15,177.0,1923.34,0.0,0,0.0,26.67,0,tripinfo_flow4.53 emissions_flow4.53,car_fast,1.11,,
flow4.53.1,2203.0,-758926622_0,5.1,0.0,2.0,2399.0,132346057#5_0,344.19,7.05,196.0,1923.34,0.0,0,0.0,31.78,0,tripinfo_flow4.53.1 emissions_flow4.53.1,car_fast,1.0,,
flow4.53.2,2206.0,-758926622_0,5.1,0.0,5.0,2401.0,132346057#5_0,344.19,8.71,195.0,1923.34,0.0,0,0.0,46.29,0,tripinfo_flow4.53.2 emissions_flow4.53.2,car_fast,1.12,,
flow4.53.3,2209.0,-758926622_0,5.1,0.0,8.0,2403.0,132346057#5_0,344.19,9.42,194.0,1923.34,0.0,0,0.0,52.6,0,tripinfo_flow4.53.3 emissions_flow4.53.3,car_fast,1.19,,
flow4.53.4,2212.0,-758926622_0,5.1,0.0,11.0,2405.0,132346057#5_0,344.19,9.31,193.0,1923.34,0.0,0,0.0,45.58,0,tripinfo_flow4.53.4 emissions_flow4.53.4,car_fast,1.14,,
flow2.2,258.0,758926614#0_0,5.1,0.0,0.0,2428.0,758926626_0,143.98,7.72,2170.0,880.34,108.0,1,2048.0,15.99,0,tripinfo_flow2.2 emissions_flow2.2,car_slow,1.01,,
flow2.2.1,262.0,758926614#0_0,5.1,0.0,4.0,2439.0,758926626_0,143.98,7.67,2177.0,880.34,112.0,1,2052.0,16.55,0,tripinfo_flow2.2.1 emissions_flow2.2.1,car_slow,0.97,,
flow2.2.2,266.0,758926614#0_0,5.1,0.0,8.0,2452.0,758926626_0,143.98,6.75,2186.0,880.34,117.0,1,2058.0,14.88,0,tripinfo_flow2.2.2 emissions_flow2.2.2,car_slow,0.89,,
flow5.61,2307.0,67209282#0_0,5.1,0.0,0.0,2452.0,-67504621_0,163.75,7.61,145.0,732.17,43.0,1,0.0,55.85,0,tripinfo_flow5.61 emissions_flow5.61,car_slow,0.98,,
flow5.61.1,2311.0,67209282#0_0,5.1,0.0,4.0,2455.0,-67504621_0,163.75,8.19,144.0,732.17,41.0,1,0.0,54.72,0,tripinfo_flow5.61.1 emissions_flow5.61.1,car_slow,0.97,,
flow5.61.2,2315.0,67209282#0_0,5.1,0.0,8.0,2459.0,-67504621_0,163.75,7.71,144.0,732.17,39.0,1,0.0,53.8,0,tripinfo_flow5.61.2 emissions_flow5.61.2,car_slow,0.8,,
flow5.61.3,2319.0,67209282#0_0,5.1,0.0,12.0,2461.0,-67504621_0,163.75,8.07,142.0,732.17,39.0,1,0.0,52.82,0,tripinfo_flow5.61.3 emissions_flow5.61.3,car_slow,1.0,,
flow2.2.3,270.0,758926614#0_0,5.1,0.0,12.0,2462.0,758926626_0,143.98,6.6,2192.0,880.34,121.0,1,2062.0,13.04,0,tripinfo_flow2.2.3 emissions_flow2.2.3,car_slow,0.83,,
flow5.61.4,2322.0,67209282#0_0,5.1,0.0,15.0,2464.0,-67504621_0,163.75,8.14,142.0,732.17,35.0,1,0.0,52.63,0,tripinfo_flow5.61.4 emissions_flow5.61.4,car_slow,1.07,,
flow2.2.4,273.0,758926614#0_0,5.1,0.0,15.0,2468.0,758926626_0,143.98,6.81,2195.0,880.34,124.0,1,2065.0,16.04,0,tripinfo_flow2.2.4 emissions_flow2.2.4,car_slow,0.87,,
flow4.59,2281.0,-758926622_0,5.1,0.0,0.0,2475.0,132346057#5_0,344.19,8.31,194.0,1923.34,0.0,0,0.0,34.38,0,tripinfo_flow4.59 emissions_flow4.59,car_fast,1.03,,
flow4.59.1,2284.0,-758926622_0,5.1,0.0,3.0,2479.0,132346057#5_0,344.19,7.47,195.0,1923.34,0.0,0,0.0,33.43,0,tripinfo_flow4.59.1 emissions_flow4.59.1,car_fast,1.02,,
flow4.59.2,2286.0,-758926622_0,5.1,0.0,5.0,2481.0,132346057#5_0,344.19,8.54,195.0,1923.34,0.0,0,0.0,42.2,0,tripinfo_flow4.59.2 emissions_flow4.59.2,car_fast,1.09,,
flow4.59.3,2289.0,-758926622_0,5.1,0.0,8.0,2483.0,132346057#5_0,344.19,8.5,194.0,1923.34,0.0,0,0.0,42.88,0,tripinfo_flow4.59.3 emissions_flow4.59.3,car_fast,1.1,,
flow1.34,1605.0,-355037966#4_0,5.1,0.0,0.0,2486.0,758926622_0,154.47,12.74,881.0,1323.87,759.0,4,0.0,783.22,0,tripinfo_flow1.34 emissions_flow1.34,car,1.1,,
flow4.59.4,2292.0,-758926622_0,5.1,0.0,11.0,2493.0,132346057#5_0,344.19,7.02,201.0,1923.34,0.0,0,0.0,30.29,0,tripinfo_flow4.59.4 emissions_flow4.59.4,car_fast,0.95,,
flow5.66,2474.0,67209282#0_0,5.1,0.0,0.0,2571.0,-67504621_0,163.75,7.86,97.0,732.17,0.0,0,0.0,8.08,0,tripinfo_flow5.66 emissions_flow5.66,car_slow,1.05,,
flow5.66.1,2478.0,67209282#0_0,5.1,0.0,4.0,2576.0,-67504621_0,163.75,8.21,98.0,732.17,0.0,0,0.0,8.23,0,tripinfo_flow5.66.1 emissions_flow5.66.1,car_slow,0.97,,
flow5.66.2,2482.0,67209282#0_0,5.1,0.0,8.0,2580.0,-67504621_0,163.75,7.83,98.0,732.17,0.0,0,0.0,8.51,0,tripinfo_flow5.66.2 emissions_flow5.66.2,car_slow,1.01,,
flow4.54,2383.0,-758926622_0,5.1,0.0,0.0,2595.0,132346057#5_0,344.19,8.28,212.0,1923.34,17.0,1,0.0,49.25,0,tripinfo_flow4.54 emissions_flow4.54,car,1.13,,
flow4.54.1,2386.0,-758926622_0,5.1,0.0,3.0,2598.0,132346057#5_0,344.19,8.84,212.0,1923.34,16.0,1,0.0,47.58,0,tripinfo_flow4.54.1 emissions_flow4.54.1,car,1.11,,
flow5.66.3,2486.0,67209282#0_0,5.1,0.0,12.0,2632.0,-67504621_0,163.75,7.7,146.0,732.17,44.0,1,0.0,57.46,0,tripinfo_flow5.66.3 emissions_flow5.66.3,car_slow,1.01,,
flow5.66.4,2490.0,67209282#0_0,5.1,0.0,16.0,2636.0,-67504621_0,163.75,7.62,146.0,732.17,42.0,1,0.0,56.21,0,tripinfo_flow5.66.4 emissions_flow5.66.4,car_slow,0.88,,
flow4.54.2,2389.0,-758926622_0,5.1,0.0,6.0,2646.0,132346057#5_0,344.19,7.64,257.0,1923.34,40.0,1,0.0,71.92,0,tripinfo_flow4.54.2 emissions_flow4.54.2,car,0.92,,
flow4.54.3,2392.0,-758926622_0,5.1,0.0,9.0,2648.0,132346057#5_0,344.19,8.58,256.0,1923.34,40.0,2,0.0,86.09,0,tripinfo_flow4.54.3 emissions_flow4.54.3,car,1.03,,
flow4.54.4,2395.0,-758926622_0,5.1,0.0,12.0,2653.0,132346057#5_0,344.19,6.65,258.0,1923.34,37.0,1,0.0,77.67,0,tripinfo_flow4.54.4 emissions_flow4.54.4,car,0.94,,
flow4.61,2485.0,-758926622_0,5.1,0.0,0.0,2721.0,132346057#5_0,344.19,8.15,236.0,1923.34,37.0,1,0.0,68.03,0,tripinfo_flow4.61 emissions_flow4.61,car,1.05,,
flow4.61.1,2488.0,-758926622_0,5.1,0.0,3.0,2727.0,132346057#5_0,344.19,7.59,239.0,1923.34,34.0,1,0.0,70.1,0,tripinfo_flow4.61.1 emissions_flow4.61.1,car,1.05,,
flow4.61.2,2491.0,-758926622_0,5.1,0.0,6.0,2738.0,132346057#5_0,344.19,7.23,247.0,1923.34,33.0,1,0.0,69.56,0,tripinfo_flow4.61.2 emissions_flow4.61.2,car,0.97,,
flow4.61.3,2494.0,-758926622_0,5.1,0.0,9.0,2740.0,132346057#5_0,344.19,10.17,246.0,1923.34,32.0,1,0.0,88.1,0,tripinfo_flow4.61.3 emissions_flow4.61.3,car,1.23,,
flow4.61.4,2497.0,-758926622_0,5.1,0.0,12.0,2742.0,132346057#5_0,344.19,10.23,245.0,1923.34,31.0,2,0.0,91.75,0,tripinfo_flow4.61.4 emissions_flow4.61.4,car,1.32,,
flow5.69,2738.0,67209282#0_0,5.1,0.0,0.0,2805.0,-67504621_0,163.75,12.52,67.0,732.17,0.0,0,0.0,9.5,0,tripinfo_flow5.69 emissions_flow5.69,car,0.93,,
flow5.69.1,2741.0,67209282#0_0,5.1,0.0,3.0,2807.0,-67504621_0,163.75,12.87,66.0,732.17,0.0,0,0.0,11.04,0,tripinfo_flow5.69.1 emissions_flow5.69.1,car,1.11,,
flow5.69.2,2744.0,67209282#0_0,5.1,0.0,6.0,2809.0,-67504621_0,163.75,13.69,65.0,732.17,0.0,0,0.0,10.47,0,tripinfo_flow5.69.2 emissions_flow5.69.2,car,1.24,,
flow5.69.3,2747.0,67209282#0_0,5.1,0.0,9.0,2813.0,-67504621_0,163.75,12.18,66.0,732.17,0.0,0,0.0,9.82,0,tripinfo_flow5.69.3 emissions_flow5.69.3,car,0.96,,
flow5.69.4,2750.0,67209282#0_0,5.1,0.0,12.0,2817.0,-67504621_0,163.75,12.59,67.0,732.17,0.0,0,0.0,11.65,0,tripinfo_flow5.69.4 emissions_flow5.69.4,car,0.97,,
flow1.26,1390.0,-355037966#4_0,5.1,0.0,0.0,2909.0,758926622_0,154.47,13.06,1519.0,1332.87,0.0,0,1384.0,20.87,0,tripinfo_flow1.26 emissions_flow1.26,car,0.96,,
flow4.66,2645.0,-758926622_0,5.1,0.0,0.0,2929.0,132346057#5_0,344.19,6.9,284.0,1923.34,45.0,1,0.0,82.43,0,tripinfo_flow4.66 emissions_flow4.66,car,0.83,,
flow4.66.1,2648.0,-758926622_0,5.1,0.0,3.0,2931.0,132346057#5_0,344.19,7.54,283.0,1923.34,44.0,1,0.0,114.39,0,tripinfo_flow4.66.1 emissions_flow4.66.1,car,1.05,,
flow4.66.2,2651.0,-758926622_0,5.1,0.0,6.0,2933.0,132346057#5_0,344.19,8.49,282.0,1923.34,44.0,2,0.0,113.4,0,tripinfo_flow4.66.2 emissions_flow4.66.2,car,1.05,,
flow4.66.3,2654.0,-758926622_0,5.1,0.0,9.0,2954.0,132346057#5_0,344.19,6.18,300.0,1923.34,36.0,1,0.0,82.3,0,tripinfo_flow4.66.3 emissions_flow4.66.3,car,0.76,,
flow4.66.4,2657.0,-758926622_0,5.1,0.0,12.0,2956.0,132346057#5_0,344.19,7.92,299.0,1923.34,35.0,1,0.0,130.48,0,tripinfo_flow4.66.4 emissions_flow4.66.4,car,1.06,,
flow4.69,2786.0,-758926622_0,5.1,0.0,0.0,3014.0,132346057#5_0,344.19,6.97,228.0,1923.34,1.0,1,0.0,37.98,0,tripinfo_flow4.69 emissions_flow4.69,car,0.89,,
flow4.69.1,2789.0,-758926622_0,5.1,0.0,3.0,3016.0,132346057#5_0,344.19,8.02,227.0,1923.34,0.0,0,0.0,50.75,0,tripinfo_flow4.69.1 emissions_flow4.69.1,car,0.98,,
flow4.69.2,2792.0,-758926622_0,5.1,0.0,6.0,3019.0,132346057#5_0,344.19,8.13,227.0,1923.34,0.0,0,0.0,51.8,0,tripinfo_flow4.69.2 emissions_flow4.69.2,car,0.99,,
flow4.69.3,2795.0,-758926622_0,5.1,0.0,9.0,3030.0,132346057#5_0,344.19,7.09,235.0,1923.34,0.0,0,0.0,39.62,0,tripinfo_flow4.69.3 emissions_flow4.69.3,car,0.86,,
flow4.69.4,2798.0,-758926622_0,5.1,0.0,12.0,3032.0,132346057#5_0,344.19,6.11,234.0,1923.34,0.0,0,0.0,42.7,0,tripinfo_flow4.69.4 emissions_flow4.69.4,car,0.89,,
flow4.78,2896.0,-758926622_0,5.1,0.0,0.0,3081.0,132346057#5_0,344.19,7.51,185.0,1923.34,0.0,0,0.0,31.69,0,tripinfo_flow4.78 emissions_flow4.78,car_fast,1.08,,
flow4.78.1,2898.0,-758926622_0,5.1,0.0,2.0,3084.0,132346057#5_0,344.19,7.77,186.0,1923.34,0.0,0,0.0,36.17,0,tripinfo_flow4.78.1 emissions_flow4.78.1,car_fast,1.11,,
flow5.78,2988.0,67209282#0_0,5.1,0.0,0.0,3086.0,-67504621_0,163.75,7.82,98.0,732.17,0.0,0,0.0,8.41,0,tripinfo_flow5.78 emissions_flow5.78,car_slow,0.92,,
flow5.78.1,2992.0,67209282#0_0,5.1,0.0,4.0,3090.0,-67504621_0,163.75,8.0,98.0,732.17,0.0,0,0.0,8.79,0,tripinfo_flow5.78.1 emissions_flow5.78.1,car_slow,1.01,,
flow5.78.2,2996.0,67209282#0_0,5.1,0.0,8.0,3092.0,-67504621_0,163.75,8.22,96.0,732.17,0.0,0,0.0,7.35,0,tripinfo_flow5.78.2 emissions_flow5.78.2,car_slow,1.16,,
flow5.78.3,3000.0,67209282#0_0,5.1,0.0,12.0,3097.0,-67504621_0,163.75,7.82,97.0,732.17,0.0,0,0.0,8.32,0,tripinfo_flow5.78.3 emissions_flow5.78.3,car_slow,1.21,,
flow5.78.4,3004.0,67209282#0_0,5.1,0.0,16.0,3101.0,-67504621_0,163.75,7.73,97.0,732.17,0.0,0,0.0,7.69,0,tripinfo_flow5.78.4 emissions_flow5.78.4,car_slow,1.06,,
flow4.78.2,2901.0,-758926622_0,5.1,0.0,5.0,3141.0,132346057#5_0,344.19,6.47,240.0,1923.34,0.0,0,0.0,36.33,0,tripinfo_flow4.78.2 emissions_flow4.78.2,car_fast,0.8,,
flow4.78.3,2904.0,-758926622_0,5.1,0.0,8.0,3151.0,132346057#5_0,344.19,4.96,247.0,1923.34,0.0,0,0.0,36.1,0,tripinfo_flow4.78.3 emissions_flow4.78.3,car_fast,0.77,,
flow4.78.4,2907.0,-758926622_0,5.1,0.0,11.0,3153.0,132346057#5_0,344.19,8.89,246.0,1923.34,0.0,0,0.0,96.98,0,tripinfo_flow4.78.4 emissions_flow4.78.4,car_fast,1.12,,
flow1.26.1,1393.0,-355037966#4_0,5.1,0.0,3.0,3208.0,758926622_0,154.47,13.56,1815.0,1332.87,300.0,2,1682.0,29.52,0,tripinfo_flow1.26.1 emissions_flow1.26.1,car,1.3,,
flow1.26.2,1395.0,-355037966#4_0,5.1,0.0,5.0,3215.0,758926622_0,154.47,13.29,1820.0,1332.87,300.0,1,1684.0,24.79,0,tripinfo_flow1.26.2 emissions_flow1.26.2,car,1.01,,
flow5.87,3157.0,67209282#0_0,5.1,0.0,0.0,3233.0,-67504621_0,163.75,12.69,76.0,732.17,16.0,1,0.0,28.21,0,tripinfo_flow5.87 emissions_flow5.87,car_fast,0.99,,
flow5.87.1,3160.0,67209282#0_0,5.1,0.0,3.0,3236.0,-67504621_0,163.75,13.03,76.0,732.17,13.0,1,0.0,28.65,0,tripinfo_flow5.87.1 emissions_flow5.87.1,car_fast,1.0,,
flow5.87.2,3162.0,67209282#0_0,5.1,0.0,5.0,3239.0,-67504621_0,163.75,14.3,77.0,732.17,12.0,1,0.0,30.58,0,tripinfo_flow5.87.2 emissions_flow5.87.2,car_fast,1.06,,
flow5.87.3,3165.0,67209282#0_0,5.1,0.0,8.0,3245.0,-67504621_0,163.75,11.96,80.0,732.17,10.0,1,0.0,26.64,0,tripinfo_flow5.87.3 emissions_flow5.87.3,car_fast,0.87,,
flow5.87.4,3168.0,67209282#0_0,5.1,0.0,11.0,3247.0,-67504621_0,163.75,14.08,79.0,732.17,7.0,1,0.0,31.99,0,tripinfo_flow5.87.4 emissions_flow5.87.4,car_fast,1.04,,
flow5.82,3268.0,67209282#0_0,5.1,0.0,0.0,3365.0,-67504621_0,163.75,8.27,97.0,732.17,0.0,0,0.0,7.58,0,tripinfo_flow5.82 emissions_flow5.82,car_slow,1.04,,
flow5.82.1,3271.0,67209282#0_0,5.1,0.0,3.0,3369.0,-67504621_0,163.75,7.84,98.0,732.17,0.0,0,0.0,9.37,0,tripinfo_flow5.82.1 emissions_flow5.82.1,car_slow,1.08,,
flow5.82.2,3276.0,67209282#0_0,5.1,0.0,8.0,3374.0,-67504621_0,163.75,8.09,98.0,732.17,0.0,0,0.0,8.66,0,tripinfo_flow5.82.2 emissions_flow5.82.2,car_slow,0.99,,
flow5.82.3,3280.0,67209282#0_0,5.1,0.0,12.0,3377.0,-67504621_0,163.75,7.88,97.0,732.17,0.0,0,0.0,7.68,0,tripinfo_flow5.82.3 emissions_flow5.82.3,car_slow,0.98,,
flow5.82.4,3283.0,67209282#0_0,5.1,0.0,15.0,3380.0,-67504621_0,163.75,8.11,97.0,732.17,0.0,0,0.0,7.42,0,tripinfo_flow5.82.4 emissions_flow5.82.4,car_slow,1.08,,
flow5.84,3346.0,67209282#0_0,5.1,0.0,0.0,3419.0,-67504621_0,163.75,12.73,73.0,732.17,6.0,1,0.0,18.06,0,tripinfo_flow5.84 emissions_flow5.84,car,1.04,,
flow5.84.1,3349.0,67209282#0_0,5.1,0.0,3.0,3421.0,-67504621_0,163.75,12.88,72.0,732.17,4.0,1,0.0,17.72,0,tripinfo_flow5.84.1 emissions_flow5.84.1,car,1.16,,
flow5.84.2,3352.0,67209282#0_0,5.1,0.0,6.0,3424.0,-67504621_0,163.75,13.39,72.0,732.17,2.0,1,0.0,17.6,0,tripinfo_flow5.84.2 emissions_flow5.84.2,car,1.13,,
flow5.84.3,3355.0,67209282#0_0,5.1,0.0,9.0,3426.0,-67504621_0,163.75,13.71,71.0,732.17,0.0,0,0.0,16.86,0,tripinfo_flow5.84.3 emissions_flow5.84.3,car,1.18,,
flow5.84.4,3358.0,67209282#0_0,5.1,0.0,12.0,3433.0,-67504621_0,163.75,11.0,75.0,732.17,0.0,0,0.0,14.72,0,tripinfo_flow5.84.4 emissions_flow5.84.4,car,0.85,,
flow1.26.3,1398.0,-355037966#4_0,5.1,0.0,8.0,3530.0,758926622_0,154.47,12.63,2132.0,1332.87,597.0,2,1962.0,45.6,0,tripinfo_flow1.26.3 emissions_flow1.26.3,car,0.84,,
flow5.91,3488.0,67209282#0_0,5.1,0.0,0.0,3600.0,-67504621_0,163.75,12.1,112.0,732.17,43.0,1,0.0,54.4,0,tripinfo_flow5.91 emissions_flow5.91,car,0.91,,
flow5.91.1,3491.0,67209282#0_0,5.1,0.0,3.0,3604.0,-67504621_0,163.75,11.96,113.0,732.17,40.0,1,0.0,55.3,0,tripinfo_flow5.91.1 emissions_flow5.91.1,car,0.92,,
flow5.91.2,3494.0,67209282#0_0,5.1,0.0,6.0,3606.0,-67504621_0,163.75,13.28,112.0,732.17,40.0,1,0.0,57.07,0,tripinfo_flow5.91.2 emissions_flow5.91.2,car,1.03,,
flow5.91.3,3497.0,67209282#0_0,5.1,0.0,9.0,3609.0,-67504621_0,163.75,13.5,112.0,732.17,39.0,1,0.0,56.45,0,tripinfo_flow5.91.3 emissions_flow5.91.3,car,1.05,,
flow5.91.4,3500.0,67209282#0_0,5.1,0.0,12.0,3612.0,-67504621_0,163.75,12.76,112.0,732.17,36.0,1,0.0,57.0,0,tripinfo_flow5.91.4 emissions_flow5.91.4,car,1.03,,
flow5.88,3503.0,67209282#0_0,5.1,0.0,12.0,3613.0,-67504621_0,163.75,13.0,110.0,732.17,35.0,1,0.0,55.6,0,tripinfo_flow5.88 emissions_flow5.88,car,1.11,,
flow5.88.1,3506.0,67209282#0_0,5.1,0.0,15.0,3619.0,-67504621_0,163.75,11.93,113.0,732.17,32.0,1,0.0,53.63,0,tripinfo_flow5.88.1 emissions_flow5.88.1,car,0.86,,
flow5.88.2,3509.0,67209282#0_0,5.1,0.0,18.0,3621.0,-67504621_0,163.75,12.43,112.0,732.17,31.0,1,0.0,56.37,0,tripinfo_flow5.88.2 emissions_flow5.88.2,car,0.98,,
flow5.88.3,3512.0,67209282#0_0,5.1,0.0,21.0,3623.0,-67504621_0,163.75,12.28,111.0,732.17,30.0,1,0.0,55.37,0,tripinfo_flow5.88.3 emissions_flow5.88.3,car,0.97,,
flow5.88.4,3515.0,67209282#0_0,5.1,0.0,24.0,3625.0,-67504621_0,163.75,13.24,110.0,732.17,28.0,1,0.0,55.83,0,tripinfo_flow5.88.4 emissions_flow5.88.4,car,1.02,,
flow4.82,3217.0,-758926622_0,5.1,0.0,0.0,3819.0,132346057#5_0,344.19,7.15,602.0,1923.34,339.0,2,0.0,364.89,0,tripinfo_flow4.82 emissions_flow4.82,car_slow,0.94,,
flow1.9,332.0,-355037966#4_0,5.1,0.0,0.0,3885.0,758926622_0,154.47,8.07,3553.0,1332.87,264.0,2,3344.0,46.22,0,tripinfo_flow1.9 emissions_flow1.9,car_slow,0.97,,
flow1.9.1,336.0,-355037966#4_0,5.1,0.0,4.0,3888.0,758926622_0,154.47,8.28,3552.0,1332.87,261.0,3,3338.0,52.29,0,tripinfo_flow1.9.1 emissions_flow1.9.1,car_slow,1.18,,
flow1.9.2,340.0,-355037966#4_0,5.1,0.0,8.0,3891.0,758926622_0,154.47,8.18,3551.0,1332.87,255.0,4,3323.0,66.43,0,tripinfo_flow1.9.2 emissions_flow1.9.2,car_slow,1.1,,
flow1.9.3,344.0,-355037966#4_0,5.1,0.0,12.0,3897.0,758926622_0,154.47,8.17,3553.0,1332.87,245.0,2,3326.0,61.2,0,tripinfo_flow1.9.3 emissions_flow1.9.3,car_slow,0.9,,
flow1.9.4,347.0,-355037966#4_0,5.1,0.0,15.0,3902.0,758926622_0,154.47,7.67,3555.0,1332.87,249.0,3,3330.0,63.45,0,tripinfo_flow1.9.4 emissions_flow1.9.4,car_slow,1.03,,
flow1.25,943.0,-355037966#4_0,5.1,0.0,0.0,3904.0,758926622_0,154.47,11.17,2961.0,1332.87,83.0,2,2785.0,65.03,0,tripinfo_flow1.25 emissions_flow1.25,car,1.03,,
flow1.25.1,946.0,-355037966#4_0,5.1,0.0,3.0,3906.0,758926622_0,154.47,12.6,2960.0,1332.87,85.0,2,2789.0,59.72,0,tripinfo_flow1.25.1 emissions_flow1.25.1,car,1.03,,
flow1.25.2,949.0,-355037966#4_0,5.1,0.0,6.0,3908.0,758926622_0,154.47,13.71,2959.0,1332.87,88.0,1,2793.0,56.42,0,tripinfo_flow1.25.2 emissions_flow1.25.2,car,1.08,,
flow1.25.3,952.0,-355037966#4_0,5.1,0.0,9.0,3910.0,758926622_0,154.47,13.11,2958.0,1332.87,90.0,1,2795.0,46.98,0,tripinfo_flow1.25.3 emissions_flow1.25.3,car,0.94,,
flow1.25.4,955.0,-355037966#4_0,5.1,0.0,12.0,3911.0,758926622_0,154.47,13.34,2956.0,1332.87,90.0,2,2794.0,44.14,0,tripinfo_flow1.25.4 emissions_flow1.25.4,car,0.92,,
flow1.26.4,1401.0,-355037966#4_0,5.1,0.0,11.0,3914.0,758926622_0,154.47,13.41,2513.0,1332.87,967.0,3,2330.0,50.24,0,tripinfo_flow1.26.4 emissions_flow1.26.4,car,0.75,,
flow4.82.1,3221.0,-758926622_0,5.1,0.0,4.0,3934.0,132346057#5_0,344.19,8.33,713.0,1923.34,450.0,4,0.0,479.59,0,tripinfo_flow4.82.1 emissions_flow4.82.1,car_slow,1.04,,
flow4.82.2,3224.0,-758926622_0,5.1,0.0,7.0,3942.0,132346057#5_0,344.19,7.87,718.0,1923.34,443.0,4,0.0,485.28,0,tripinfo_flow4.82.2 emissions_flow4.82.2,car_slow,1.02,,
flow5.97,3901.0,67209282#0_0,5.1,0.0,0.0,3956.0,-67504621_0,163.75,15.5,55.0,732.17,0.0,0,0.0,10.76,0,tripinfo_flow5.97 emissions_flow5.97,car_fast,1.12,,
flow5.97.1,3903.0,67209282#0_0,5.1,0.0,2.0,3962.0,-67504621_0,163.75,13.04,59.0,732.17,0.0,0,0.0,11.86,0,tripinfo_flow5.97.1 emissions_flow5.97.1,car_fast,1.02,,
flow5.97.2,3906.0,67209282#0_0,5.1,0.0,5.0,3969.0,-67504621_0,163.75,12.36,63.0,732.17,0.0,0,0.0,11.62,0,tripinfo_flow5.97.2 emissions_flow5.97.2,car_fast,0.9,,
flow5.97.3,3908.0,67209282#0_0,5.1,0.0,7.0,3971.0,-67504621_0,163.75,13.3,63.0,732.17,0.0,0,0.0,14.88,0,tripinfo_flow5.97.3 emissions_flow5.97.3,car_fast,1.01,,
flow5.97.4,3911.0,67209282#0_0,5.1,0.0,10.0,3973.0,-67504621_0,163.75,13.78,62.0,732.17,0.0,0,0.0,15.29,0,tripinfo_flow5.97.4 emissions_flow5.97.4,car_fast,1.04,,
flow4.82.3,3228.0,-758926622_0,5.1,0.0,11.0,3995.0,132346057#5_0,344.19,7.99,767.0,1923.34,486.0,5,0.0,534.11,0,tripinfo_flow4.82.3 emissions_flow4.82.3,car_slow,1.04,,
flow5.96,3914.0,67209282#0_0,5.1,0.0,9.0,4012.0,-67504621_0,163.75,7.85,98.0,732.17,0.0,0,0.0,8.51,0,tripinfo_flow5.96 emissions_flow5.96,car_slow,0.98,,
flow5.96.1,3917.0,67209282#0_0,5.1,0.0,12.0,4014.0,-67504621_0,163.75,8.03,97.0,732.17,0.0,0,0.0,8.25,0,tripinfo_flow5.96.1 emissions_flow5.96.1,car_slow,1.0,,
flow5.96.2,3921.0,67209282#0_0,5.1,0.0,16.0,4017.0,-67504621_0,163.75,8.3,96.0,732.17,0.0,0,0.0,7.18,0,tripinfo_flow5.96.2 emissions_flow5.96.2,car_slow,1.17,,
flow5.96.3,3925.0,67209282#0_0,5.1,0.0,20.0,4074.0,-67504621_0,163.75,8.25,149.0,732.17,46.0,1,0.0,59.54,0,tripinfo_flow5.96.3 emissions_flow5.96.3,car_slow,0.96,,
flow5.96.4,3929.0,67209282#0_0,5.1,0.0,24.0,4076.0,-67504621_0,163.75,8.09,147.0,732.17,44.0,1,0.0,58.08,0,tripinfo_flow5.96.4 emissions_flow5.96.4,car_slow,0.97,,
flow5.95,3933.0,67209282#0_0,5.1,0.0,22.0,4078.0,-67504621_0,163.75,11.19,145.0,732.17,43.0,1,0.0,92.11,0,tripinfo_flow5.95 emissions_flow5.95,car_fast,0.89,,
flow5.95.1,3936.0,67209282#0_0,5.1,0.0,25.0,4080.0,-67504621_0,163.75,13.67,144.0,732.17,43.0,1,0.0,96.81,0,tripinfo_flow5.95.1 emissions_flow5.95.1,car_fast,1.02,,
flow5.95.2,3938.0,67209282#0_0,5.1,0.0,27.0,4082.0,-67504621_0,163.75,11.11,144.0,732.17,42.0,1,0.0,89.26,0,tripinfo_flow5.95.2 emissions_flow5.95.2,car_fast,0.84,,
flow5.95.3,3941.0,67209282#0_0,5.1,0.0,30.0,4084.0,-67504621_0,163.75,12.26,143.0,732.17,41.0,1,0.0,91.16,0,tripinfo_flow5.95.3 emissions_flow5.95.3,car_fast,0.9,,
flow5.95.4,3943.0,67209282#0_0,5.1,0.0,32.0,4086.0,-67504621_0,163.75,14.83,143.0,732.17,42.0,1,0.0,98.49,0,tripinfo_flow5.95.4 emissions_flow5.95.4,car_fast,1.13,,
flow4.82.4,3232.0,-758926622_0,5.1,0.0,15.0,4105.0,132346057#5_0,344.19,7.28,873.0,1923.34,571.0,7,0.0,636.54,0,tripinfo_flow4.82.4 emissions_flow4.82.4,car_slow,0.96,,
flow4.87,3394.0,-758926622_0,5.1,0.0,0.0,4107.0,132346057#5_0,344.19,7.98,713.0,1923.34,438.0,8,0.0,548.69,0,tripinfo_flow4.87 emissions_flow4.87,car,1.11,,
flow4.87.1,3397.0,-758926622_0,5.1,0.0,3.0,4115.0,132346057#5_0,344.19,6.94,718.0,1923.34,425.0,8,0.0,533.77,0,tripinfo_flow4.87.1 emissions_flow4.87.1,car,0.93,,
flow4.87.2,3400.0,-758926622_0,5.1,0.0,6.0,4117.0,132346057#5_0,344.19,8.63,717.0,1923.34,417.0,8,0.0,556.05,0,tripinfo_flow4.87.2 emissions_flow4.87.2,car,1.17,,
flow4.87.3,3403.0,-758926622_0,5.1,0.0,9.0,4118.0,132346057#5_0,344.19,10.06,715.0,1923.34,411.0,7,0.0,558.92,0,tripinfo_flow4.87.3 emissions_flow4.87.3,car,1.24,,
flow4.87.4,3406.0,-758926622_0,5.1,0.0,12.0,4121.0,132346057#5_0,344.19,7.79,715.0,1923.34,411.0,7,0.0,547.38,0,tripinfo_flow4.87.4 emissions_flow4.87.4,car,1.07,,
flow4.84,3414.0,-758926622_0,5.1,0.0,0.0,4127.0,132346057#5_0,344.19,7.24,713.0,1923.34,396.0,7,0.0,527.58,0,tripinfo_flow4.84 emissions_flow4.84,car,0.92,,
flow4.84.1,3417.0,-758926622_0,5.1,0.0,3.0,4130.0,132346057#5_0,344.19,7.54,713.0,1923.34,397.0,7,0.0,529.14,0,tripinfo_flow4.84.1 emissions_flow4.84.1,car,0.93,,
flow4.84.2,3420.0,-758926622_0,5.1,0.0,6.0,4133.0,132346057#5_0,344.19,7.06,713.0,1923.34,397.0,7,0.0,532.59,0,tripinfo_flow4.84.2 emissions_flow4.84.2,car,0.96,,
flow4.84.3,3423.0,-758926622_0,5.1,0.0,9.0,4135.0,132346057#5_0,344.19,9.16,712.0,1923.34,389.0,8,0.0,547.24,0,tripinfo_flow4.84.3 emissions_flow4.84.3,car,1.11,,
flow4.84.4,3426.0,-758926622_0,5.1,0.0,12.0,4137.0,132346057#5_0,344.19,8.26,711.0,1923.34,382.0,8,0.0,538.78,0,tripinfo_flow4.84.4 emissions_flow4.84.4,car,1.02,,
flow4.95,3451.0,-758926622_0,5.1,0.0,0.0,4139.0,132346057#5_0,344.19,8.4,688.0,1923.34,361.0,8,0.0,516.07,0,tripinfo_flow4.95 emissions_flow4.95,car,1.01,,
flow4.95.1,3454.0,-758926622_0,5.1,0.0,3.0,4176.0,132346057#5_0,344.19,5.73,722.0,1923.34,335.0,10,0.0,484.85,0,tripinfo_flow4.95.1 emissions_flow4.95.1,car,0.69,,
flow4.95.2,3457.0,-758926622_0,5.1,0.0,6.0,4178.0,132346057#5_0,344.19,8.06,721.0,1923.34,332.0,9,0.0,551.93,0,tripinfo_flow4.95.2 emissions_flow4.95.2,car,1.05,,
flow4.95.3,3460.0,-758926622_0,5.1,0.0,9.0,4180.0,132346057#5_0,344.19,8.53,720.0,1923.34,326.0,9,0.0,556.24,0,tripinfo_flow4.95.3 emissions_flow4.95.3,car,1.12,,
flow4.95.4,3463.0,-758926622_0,5.1,0.0,12.0,4182.0,132346057#5_0,344.19,8.17,719.0,1923.34,327.0,9,0.0,547.44,0,tripinfo_flow4.95.4 emissions_flow4.95.4,car,1.01,,
flow4.96,3481.0,-758926622_0,5.1,0.0,0.0,4185.0,132346057#5_0,344.19,8.12,704.0,1923.34,305.0,7,0.0,470.32,0,tripinfo_flow4.96 emissions_flow4.96,car_slow,1.01,,
flow4.96.1,3485.0,-758926622_0,5.1,0.0,4.0,4187.0,132346057#5_0,344.19,8.01,702.0,1923.34,341.0,7,0.0,469.04,0,tripinfo_flow4.96.1 emissions_flow4.96.1,car_slow,1.09,,
flow4.96.2,3489.0,-758926622_0,5.1,0.0,8.0,4189.0,132346057#5_0,344.19,7.66,700.0,1923.34,335.0,6,0.0,467.16,0,tripinfo_flow4.96.2 emissions_flow4.96.2,car_slow,1.07,,
flow4.96.3,3493.0,-758926622_0,5.1,0.0,12.0,4191.0,132346057#5_0,344.19,8.14,698.0,1923.34,332.0,6,0.0,465.24,0,tripinfo_flow4.96.3 emissions_flow4.96.3,car_slow,1.08,,
flow4.96.4,3496.0,-758926622_0,5.1,0.0,15.0,4194.0,132346057#5_0,344.19,7.31,698.0,1923.34,328.0,7,0.0,456.88,0,tripinfo_flow4.96.4 emissions_flow4.96.4,car_slow,0.91,,
flow4.91,3721.0,-758926622_0,5.1,0.0,0.0,4196.0,132346057#5_0,344.19,7.16,475.0,1923.34,131.0,5,0.0,301.54,0,tripinfo_flow4.91 emissions_flow4.91,car,0.99,,
flow4.91.1,3724.0,-758926622_0,5.1,0.0,3.0,4198.0,132346057#5_0,344.19,7.62,474.0,1923.34,131.0,6,0.0,301.36,0,tripinfo_flow4.91.1 emissions_flow4.91.1,car,1.01,,
flow4.91.2,3727.0,-758926622_0,5.1,0.0,6.0,4200.0,132346057#5_0,344.19,7.58,473.0,1923.34,131.0,7,0.0,301.26,0,tripinfo_flow4.91.2 emissions_flow4.91.2,car,1.02,,
flow4.91.3,3730.0,-758926622_0,5.1,0.0,9.0,4203.0,132346057#5_0,344.19,7.54,473.0,1923.34,129.0,8,0.0,297.66,0,tripinfo_flow4.91.3 emissions_flow4.91.3,car,0.99,,
flow4.91.4,3733.0,-758926622_0,5.1,0.0,12.0,4204.0,132346057#5_0,344.19,9.89,471.0,1923.34,123.0,9,0.0,313.34,0,tripinfo_flow4.91.4 emissions_flow4.91.4,car,1.21,,
flow4.97,3826.0,-758926622_0,5.1,0.0,0.0,4211.0,132346057#5_0,344.19,8.06,385.0,1923.34,79.0,2,0.0,152.19,0,tripinfo_flow4.97 emissions_flow4.97,car_slow,1.02,,
flow4.97.1,3830.0,-758926622_0,5.1,0.0,4.0,4268.0,132346057#5_0,344.19,7.58,438.0,1923.34,124.0,3,0.0,202.25,0,tripinfo_flow4.97.1 emissions_flow4.97.1,car_slow,0.97,,
flow4.97.2,3834.0,-758926622_0,5.1,0.0,8.0,4270.0,132346057#5_0,344.19,7.93,436.0,1923.34,121.0,3,0.0,202.22,0,tripinfo_flow4.97.2 emissions_flow4.97.2,car_slow,0.99,,
flow4.97.3,3837.0,-758926622_0,5.1,0.0,11.0,4274.0,132346057#5_0,344.19,7.64,437.0,1923.34,120.0,4,0.0,204.57,0,tripinfo_flow4.97.3 emissions_flow4.97.3,car_slow,1.04,,
flow4.97.4,3841.0,-758926622_0,5.1,0.0,15.0,4296.0,132346057#5_0,344.19,6.71,455.0,1923.34,117.0,4,0.0,208.34,0,tripinfo_flow4.97.4 emissions_flow4.97.4,car_slow,0.86,,
flow1.97.3,3978.0,-355037966#4_0,5.1,0.0,9.0,5486.0,758926622_0,154.47,13.45,1508.0,1274.93,1150.0,4,0.0,1176.84,0,tripinfo_flow1.97.3 emissions_flow1.97.3,car,0.93,,
flow1.59.1,2298.0,-355037966#4_0,5.1,0.0,3.0,5791.0,758926622_0,154.47,13.64,3493.0,1300.24,3221.0,18,0.0,3370.86,0,tripinfo_flow1.59.1 emissions_flow1.59.1,car,0.86,,
flow1.59.2,2301.0,-355037966#4_0,5.1,0.0,6.0,6085.0,758926622_0,154.47,13.48,3784.0,1300.24,3511.0,21,0.0,3675.52,0,tripinfo_flow1.59.2 emissions_flow1.59.2,car,1.01,,
flow1.59.3,2304.0,-355037966#4_0,5.1,0.0,9.0,6386.0,758926622_0,154.47,13.19,4082.0,1300.24,3816.0,24,0.0,3974.27,0,tripinfo_flow1.59.3 emissions_flow1.59.3,car,0.99,,
flow1.59.4,2307.0,-355037966#4_0,5.1,0.0,12.0,6685.0,758926622_0,154.47,13.26,4378.0,1300.24,4106.0,24,0.0,4279.52,0,tripinfo_flow1.59.4 emissions_flow1.59.4,car,1.1,,
flow1.53.2,2132.0,-355037966#4_0,5.1,0.0,6.0,6973.0,758926622_0,154.47,19.38,4841.0,1323.87,4617.0,15,0.0,4764.64,0,tripinfo_flow1.53.2 emissions_flow1.53.2,car_fast,0.91,,
flow1.53.3,2134.0,-355037966#4_0,5.1,0.0,8.0,6977.0,758926622_0,154.47,19.11,4843.0,1314.47,4613.0,17,0.0,4764.19,0,tripinfo_flow1.53.3 emissions_flow1.53.3,car_fast,0.93,,
flow1.59,2295.0,-355037966#4_0,5.1,0.0,0.0,6992.0,758926622_0,154.47,13.24,4697.0,1300.24,4455.0,15,0.0,4601.7,0,tripinfo_flow1.59 emissions_flow1.59,car,0.96,,
flow1.66,2714.0,-355037966#4_0,5.1,0.0,0.0,6996.0,758926622_0,154.47,12.89,4282.0,1300.24,4032.0,22,0.0,4179.74,0,tripinfo_flow1.66 emissions_flow1.66,car,0.88,,
flow1.97.2,3975.0,-355037966#4_0,5.1,0.0,6.0,7000.0,758926622_0,154.47,13.82,3025.0,1274.93,2663.0,4,0.0,2695.55,0,tripinfo_flow1.97.2 emissions_flow1.97.2,car,0.99,,
flow1.53.4,2138.0,-355037966#4_0,5.1,0.0,12.0,7002.0,758926622_0,154.47,17.69,4864.0,1299.8,4612.0,17,0.0,4765.26,0,tripinfo_flow1.53.4 emissions_flow1.53.4,car_fast,0.81,,
flow1.95.4,3851.0,-355037966#4_0,5.1,0.0,16.0,7032.0,758926622_0,154.47,7.86,3181.0,1274.93,2788.0,3,0.0,2813.51,0,tripinfo_flow1.95.4 emissions_flow1.95.4,car_slow,1.17,,
flow2.0,47.0,758926614#0_0,5.1,0.0,0.0,7252.0,758926626_0,143.98,8.18,7205.0,880.34,2564.0,1,7084.0,14.78,0,tripinfo_flow2.0 emissions_flow2.0,car_slow,1.06,,
flow2.3,408.0,758926614#0_0,5.1,0.0,0.0,7265.0,758926626_0,143.98,6.93,6857.0,880.34,2036.0,2,6742.0,23.97,0,tripinfo_flow2.3 emissions_flow2.3,car,0.9,,
flow2.3.1,411.0,758926614#0_0,5.1,0.0,3.0,7267.0,758926626_0,143.98,9.49,6856.0,880.34,2038.0,2,6745.0,33.36,0,tripinfo_flow2.3.1 emissions_flow2.3.1,car,1.14,,
flow2.3.2,414.0,758926614#0_0,5.1,0.0,6.0,7276.0,758926626_0,143.98,8.35,6862.0,880.34,2037.0,2,6748.0,31.7,0,tripinfo_flow2.3.2 emissions_flow2.3.2,car,1.02,,
flow1.53.1,2129.0,-355037966#4_0,5.1,0.0,3.0,7282.0,758926622_0,154.47,19.2,5153.0,1323.87,4928.0,16,0.0,5073.56,0,tripinfo_flow1.53.1 emissions_flow1.53.1,car_fast,1.01,,
flow2.3.3,417.0,758926614#0_0,5.1,0.0,9.0,7286.0,758926626_0,143.98,7.52,6869.0,880.34,2041.0,2,6752.0,32.08,0,tripinfo_flow2.3.3 emissions_flow2.3.3,car,0.97,,
flow2.3.4,420.0,758926614#0_0,5.1,0.0,12.0,7290.0,758926626_0,143.98,8.98,6870.0,880.34,2045.0,2,6744.0,46.64,0,tripinfo_flow2.3.4 emissions_flow2.3.4,car,1.08,,
flow1.66.1,2717.0,-355037966#4_0,5.1,0.0,3.0,7295.0,758926622_0,154.47,13.01,4578.0,1300.24,4332.0,26,0.0,4482.79,0,tripinfo_flow1.66.1 emissions_flow1.66.1,car,1.04,,
flow1.0,485.0,-355037966#4_0,5.1,0.0,0.0,7349.0,758926622_0,154.47,18.75,6864.0,1332.87,851.0,1,6748.0,21.55,0,tripinfo_flow1.0 emissions_flow1.0,car_fast,1.03,,
flow1.0.1,487.0,-355037966#4_0,5.1,0.0,2.0,7360.0,758926622_0,154.47,19.34,6873.0,1332.87,855.0,1,6752.0,23.78,0,tripinfo_flow1.0.1 emissions_flow1.0.1,car_fast,0.98,,
flow1.0.2,490.0,-355037966#4_0,5.1,0.0,5.0,7366.0,758926622_0,154.47,19.42,6876.0,1332.87,857.0,1,6754.0,24.84,0,tripinfo_flow1.0.2 emissions_flow1.0.2,car_fast,1.01,,
flow1.0.3,493.0,-355037966#4_0,5.1,0.0,8.0,7371.0,758926622_0,154.47,19.4,6878.0,1332.87,862.0,1,6758.0,28.18,0,tripinfo_flow1.0.3 emissions_flow1.0.3,car_fast,1.09,,
flow1.0.4,496.0,-355037966#4_0,5.1,0.0,11.0,7380.0,758926622_0,154.47,19.43,6884.0,1332.87,863.0,1,6759.0,30.1,0,tripinfo_flow1.0.4 emissions_flow1.0.4,car_fast,1.03,,
flow1.6,529.0,-355037966#4_0,5.1,0.0,0.0,7397.0,758926622_0,154.47,18.6,6868.0,1332.87,1009.0,1,6741.0,22.23,0,tripinfo_flow1.6 emissions_flow1.6,car_fast,0.89,,
flow1.6.1,532.0,-355037966#4_0,5.1,0.0,3.0,7414.0,758926622_0,154.47,17.59,6882.0,1332.87,1010.0,3,6729.0,41.55,0,tripinfo_flow1.6.1 emissions_flow1.6.1,car_fast,0.83,,
flow1.6.2,535.0,-355037966#4_0,5.1,0.0,6.0,7415.0,758926622_0,154.47,19.69,6880.0,1332.87,1010.0,2,6733.0,45.35,0,tripinfo_flow1.6.2 emissions_flow1.6.2,car_fast,0.92,,
flow1.6.3,538.0,-355037966#4_0,5.1,0.0,9.0,7418.0,758926622_0,154.47,19.52,6880.0,1332.87,1014.0,3,6736.0,51.69,0,tripinfo_flow1.6.3 emissions_flow1.6.3,car_fast,1.09,,
flow1.6.4,541.0,-355037966#4_0,5.1,0.0,12.0,7422.0,758926622_0,154.47,18.73,6881.0,1332.87,1018.0,3,6740.0,47.57,0,tripinfo_flow1.6.4 emissions_flow1.6.4,car_fast,1.06,,
flow1.17,905.0,-355037966#4_0,5.1,0.0,0.0,7438.0,758926622_0,154.47,13.37,6533.0,1332.87,3110.0,1,6403.0,20.83,0,tripinfo_flow1.17 emissions_flow1.17,car,1.09,,
flow1.17.1,908.0,-355037966#4_0,5.1,0.0,3.0,7448.0,758926622_0,154.47,12.61,6540.0,1332.87,3113.0,1,6407.0,22.36,0,tripinfo_flow1.17.1 emissions_flow1.17.1,car,1.03,,
flow1.17.2,911.0,-355037966#4_0,5.1,0.0,6.0,7454.0,758926622_0,154.47,13.34,6543.0,1332.87,3117.0,1,6411.0,22.89,0,tripinfo_flow1.17.2 emissions_flow1.17.2,car,1.08,,
flow1.17.3,914.0,-355037966#4_0,5.1,0.0,9.0,7464.0,758926622_0,154.47,12.75,6550.0,1332.87,3120.0,2,6401.0,38.5,0,tripinfo_flow1.17.3 emissions_flow1.17.3,car,1.06,,
flow1.17.4,917.0,-355037966#4_0,5.1,0.0,12.0,7469.0,758926622_0,154.47,13.76,6552.0,1332.87,3121.0,2,6402.0,41.48,0,tripinfo_flow1.17.4 emissions_flow1.17.4,car,1.1,,
flow1.32,1405.0,-355037966#4_0,5.1,0.0,5.0,7482.0,758926622_0,154.47,13.54,6077.0,1332.87,2768.0,2,5915.0,48.62,0,tripinfo_flow1.32 emissions_flow1.32,car,0.98,,
flow1.32.1,1408.0,-355037966#4_0,5.1,0.0,8.0,7494.0,758926622_0,154.47,12.73,6086.0,1332.87,2774.0,3,5919.0,49.58,0,tripinfo_flow1.32.1 emissions_flow1.32.1,car,0.92,,
flow1.32.2,1411.0,-355037966#4_0,5.1,0.0,11.0,7499.0,758926622_0,154.47,13.23,6088.0,1332.87,2773.0,4,5922.0,51.79,0,tripinfo_flow1.32.2 emissions_flow1.32.2,car,0.96,,
flow1.32.3,1414.0,-355037966#4_0,5.1,0.0,14.0,7512.0,758926622_0,154.47,13.48,6098.0,1332.87,2781.0,4,5926.0,67.1,0,tripinfo_flow1.32.3 emissions_flow1.32.3,car,1.26,,
flow1.34.1,1608.0,-355037966#4_0,5.1,0.0,3.0,7515.0,758926622_0,154.47,13.38,5907.0,1332.87,3806.0,4,5018.0,776.72,0,tripinfo_flow1.34.1 emissions_flow1.34.1,car,0.98,,
flow1.34.2,1611.0,-355037966#4_0,5.1,0.0,6.0,7519.0,758926622_0,154.47,13.5,5908.0,1332.87,3798.0,5,5011.0,783.91,0,tripinfo_flow1.34.2 emissions_flow1.34.2,car,0.98,,
flow1.34.3,1614.0,-355037966#4_0,5.1,0.0,9.0,7522.0,758926622_0,154.47,13.53,5908.0,1318.64,3797.0,6,5006.0,795.18,0,tripinfo_flow1.34.3 emissions_flow1.34.3,car,1.16,,
flow1.34.4,1617.0,-355037966#4_0,5.1,0.0,12.0,7527.0,758926622_0,154.47,12.66,5910.0,1332.87,3794.0,7,5001.0,798.85,0,tripinfo_flow1.34.4 emissions_flow1.34.4,car,1.07,,
flow1.47,1807.0,-355037966#4_0,5.1,0.0,0.0,7531.0,758926622_0,154.47,12.69,5724.0,1332.87,3848.0,11,3702.0,1913.01,0,tripinfo_flow1.47 emissions_flow1.47,car,1.09,,
flow1.47.1,1810.0,-355037966#4_0,5.1,0.0,3.0,7535.0,758926622_0,154.47,13.72,5725.0,1332.87,3836.0,11,3695.0,1922.18,0,tripinfo_flow1.47.1 emissions_flow1.47.1,car,1.11,,
flow1.47.2,1813.0,-355037966#4_0,5.1,0.0,6.0,7542.0,758926622_0,154.47,13.71,5729.0,1332.87,3821.0,13,3690.0,1929.14,0,tripinfo_flow1.47.2 emissions_flow1.47.2,car,1.07,,
flow1.47.3,1816.0,-355037966#4_0,5.1,0.0,9.0,7546.0,758926622_0,154.47,13.02,5730.0,1332.87,3816.0,11,3684.0,1939.57,0,tripinfo_flow1.47.3 emissions_flow1.47.3,car,1.21,,
flow1.47.4,1819.0,-355037966#4_0,5.1,0.0,12.0,7550.0,758926622_0,154.47,13.05,5731.0,1332.87,3808.0,13,3678.0,1944.98,0,tripinfo_flow1.47.4 emissions_flow1.47.4,car,1.15,,
flow1.54,1946.0,-355037966#4_0,5.1,0.0,0.0,7580.0,758926622_0,154.47,8.24,5634.0,1332.87,3579.0,16,3673.0,1799.45,0,tripinfo_flow1.54 emissions_flow1.54,car_slow,1.16,,
flow1.54.1,1950.0,-355037966#4_0,5.1,0.0,4.0,7583.0,758926622_0,154.47,8.19,5633.0,1332.87,3571.0,14,3669.0,1801.83,0,tripinfo_flow1.54.1 emissions_flow1.54.1,car_slow,1.02,,
flow1.54.2,1954.0,-355037966#4_0,5.1,0.0,8.0,7585.0,758926622_0,154.47,8.1,5631.0,1332.87,3565.0,16,3665.0,1803.11,0,tripinfo_flow1.54.2 emissions_flow1.54.2,car_slow,0.96,,
flow1.54.3,1957.0,-355037966#4_0,5.1,0.0,11.0,7592.0,758926622_0,154.47,7.69,5635.0,1332.87,3575.0,16,3605.0,1869.01,0,tripinfo_flow1.54.3 emissions_flow1.54.3,car_slow,1.17,,
flow1.54.4,1961.0,-355037966#4_0,5.1,0.0,15.0,7595.0,758926622_0,154.47,8.14,5634.0,1332.87,3575.0,16,3605.0,1867.93,0,tripinfo_flow1.54.4 emissions_flow1.54.4,car_slow,1.11,,
flow1.69,2750.0,-355037966#4_0,5.1,0.0,0.0,7782.0,758926622_0,154.47,18.85,5032.0,1332.87,4283.0,25,451.0,4485.76,0,tripinfo_flow1.69 emissions_flow1.69,car_fast,1.02,,
flow1.69.1,2753.0,-355037966#4_0,5.1,0.0,3.0,7784.0,758926622_0,154.47,19.03,5031.0,1332.87,4278.0,26,451.0,4493.52,0,tripinfo_flow1.69.1 emissions_flow1.69.1,car_fast,1.2,,
flow1.95,3835.0,-355037966#4_0,5.1,0.0,0.0,7841.0,758926622_0,154.47,7.98,4006.0,1332.87,3289.0,33,342.0,3499.95,0,tripinfo_flow1.95 emissions_flow1.95,car_slow,0.95,,
flow1.69.2,2756.0,-355037966#4_0,5.1,0.0,6.0,7843.0,758926622_0,154.47,13.69,5087.0,1332.87,4269.0,27,451.0,4529.14,0,tripinfo_flow1.69.2 emissions_flow1.69.2,car_fast,0.88,,
flow1.95.1,3839.0,-355037966#4_0,5.1,0.0,4.0,7851.0,758926622_0,154.47,7.73,4012.0,1332.87,3297.0,34,342.0,3502.3,0,tripinfo_flow1.95.1 emissions_flow1.95.1,car_slow,0.85,,
flow1.69.3,2759.0,-355037966#4_0,5.1,0.0,9.0,7853.0,758926622_0,154.47,12.82,5094.0,1332.87,4272.0,27,451.0,4553.08,0,tripinfo_flow1.69.3 emissions_flow1.69.3,car_fast,1.12,,
flow1.95.2,3843.0,-355037966#4_0,5.1,0.0,8.0,7860.0,758926622_0,154.47,7.74,4017.0,1332.87,3285.0,35,343.0,3508.98,0,tripinfo_flow1.95.2 emissions_flow1.95.2,car_slow,0.93,,
flow1.69.4,2761.0,-355037966#4_0,5.1,0.0,11.0,7862.0,758926622_0,154.47,12.14,5101.0,1332.87,4283.0,26,451.0,4557.15,0,tripinfo_flow1.69.4 emissions_flow1.69.4,car_fast,1.07,,
flow1.95.3,3847.0,-355037966#4_0,5.1,0.0,12.0,7867.0,758926622_0,154.47,7.74,4020.0,1332.87,3272.0,34,342.0,3516.82,0,tripinfo_flow1.95.3 emissions_flow1.95.3,car_slow,1.1,,
flow1.24,1032.0,-355037966#4_0,5.1,0.0,0.0,7962.0,758926622_0,154.47,13.24,6930.0,1332.87,6.0,2,6786.0,32.42,0,tripinfo_flow1.24 emissions_flow1.24,car,1.03,,
flow1.24.1,1035.0,-355037966#4_0,5.1,0.0,3.0,7974.0,758926622_0,154.47,13.19,6939.0,1332.87,3.0,2,6786.0,31.27,0,tripinfo_flow1.24.1 emissions_flow1.24.1,car,0.87,,
flow1.24.2,1038.0,-355037966#4_0,5.1,0.0,6.0,7976.0,758926622_0,154.47,13.24,6938.0,1332.87,1.0,1,6786.0,41.58,0,tripinfo_flow1.24.2 emissions_flow1.24.2,car,1.06,,
flow1.24.3,1041.0,-355037966#4_0,5.1,0.0,9.0,7985.0,758926622_0,154.47,13.22,6944.0,1332.87,0.0,0,6786.0,33.04,0,tripinfo_flow1.24.3 emissions_flow1.24.3,car,0.83,,
flow1.24.4,1044.0,-355037966#4_0,5.1,0.0,12.0,7988.0,758926622_0,154.47,12.67,6944.0,1332.87,0.0,0,6786.0,41.92,0,tripinfo_flow1.24.4 emissions_flow1.24.4,car,0.95,,
flow1.41,1620.0,-355037966#4_0,5.1,0.0,9.0,8116.0,758926622_0,154.47,8.3,6496.0,1332.87,731.0,6,5550.0,781.59,0,tripinfo_flow1.41 emissions_flow1.41,car_slow,0.94,,
flow1.91,3313.0,-355037966#4_0,5.1,0.0,0.0,8231.0,758926622_0,154.47,13.51,4918.0,1332.87,3783.0,31,816.0,3996.61,0,tripinfo_flow1.91 emissions_flow1.91,car,1.24,,
flow1.91.1,3316.0,-355037966#4_0,5.1,0.0,3.0,8244.0,758926622_0,154.47,12.77,4928.0,1332.87,3782.0,34,816.0,4001.68,0,tripinfo_flow1.91.1 emissions_flow1.91.1,car,1.06,,
flow1.91.2,3319.0,-355037966#4_0,5.1,0.0,6.0,8253.0,758926622_0,154.47,13.89,4934.0,1332.87,3783.0,35,816.0,4008.68,0,tripinfo_flow1.91.2 emissions_flow1.91.2,car,1.09,,
flow1.91.3,3322.0,-355037966#4_0,5.1,0.0,9.0,8265.0,758926622_0,154.47,13.05,4943.0,1332.87,3788.0,36,816.0,4011.15,0,tripinfo_flow1.91.3 emissions_flow1.91.3,car,0.94,,
flow1.91.4,3325.0,-355037966#4_0,5.1,0.0,12.0,8269.0,758926622_0,154.47,12.99,4944.0,1332.87,3796.0,36,816.0,4018.33,0,tripinfo_flow1.91.4 emissions_flow1.91.4,car,1.08,,
flow1.41.1,1624.0,-355037966#4_0,5.1,0.0,13.0,8491.0,758926622_0,154.47,7.76,6867.0,1332.87,1100.0,8,5550.0,1154.79,0,tripinfo_flow1.41.1 emissions_flow1.41.1,car_slow,0.98,,
flow1.41.4,1635.0,-355037966#4_0,5.1,0.0,24.0,8796.0,758926622_0,154.47,8.29,7161.0,1308.8,1373.0,8,5550.0,1446.93,0,tripinfo_flow1.41.4 emissions_flow1.41.4,car_slow,0.96,,
flow1.41.2,1628.0,-355037966#4_0,5.1,0.0,17.0,8799.0,758926622_0,154.47,7.99,7171.0,1332.87,1397.0,11,5550.0,1459.71,0,tripinfo_flow1.41.2 emissions_flow1.41.2,car_slow,1.04,,
flow1.41.3,1632.0,-355037966#4_0,5.1,0.0,21.0,9104.0,758926622_0,154.47,7.59,7472.0,1332.87,1684.0,12,5550.0,1760.17,0,tripinfo_flow1.41.3 emissions_flow1.41.3,car_slow,0.98,,
flow1.97,3969.0,-355037966#4_0,5.1,0.0,0.0,9347.0,758926622_0,154.47,13.35,5378.0,1332.87,3184.0,33,1852.0,3413.79,0,tripinfo_flow1.97 emissions_flow1.97,car,1.0,,
flow1.97.1,3972.0,-355037966#4_0,5.1,0.0,3.0,9357.0,758926622_0,154.47,13.24,5385.0,1332.87,3181.0,30,1852.0,3419.3,0,tripinfo_flow1.97.1 emissions_flow1.97.1,car,0.96,,
flow1.97.4,3981.0,-355037966#4_0,5.1,0.0,12.0,9360.0,758926622_0,154.47,12.91,5379.0,1332.87,3190.0,26,1852.0,3419.44,0,tripinfo_flow1.97.4 emissions_flow1.97.4,car,1.13,,
flow1.53,2126.0,-355037966#4_0,5.1,0.0,0.0,9552.0,758926622_0,154.47,19.56,7426.0,1332.87,1574.0,12,5602.0,1722.73,0,tripinfo_flow1.53 emissions_flow1.53,car_fast,0.94,,
flow1.87,3255.0,-355037966#4_0,5.1,0.0,0.0,11890.0,758926622_0,154.47,18.88,8635.0,1332.87,3827.0,25,4517.0,4020.13,0,tripinfo_flow1.87 emissions_flow1.87,car_fast,0.98,,
flow1.87.1,3258.0,-355037966#4_0,5.1,0.0,3.0,11898.0,758926622_0,154.47,19.04,8640.0,1332.87,3826.0,26,4517.0,4025.87,0,tripinfo_flow1.87.1 emissions_flow1.87.1,car_fast,0.99,,
flow1.87.2,3261.0,-355037966#4_0,5.1,0.0,6.0,11912.0,758926622_0,154.47,18.94,8651.0,1332.87,3819.0,27,4517.0,4028.21,0,tripinfo_flow1.87.2 emissions_flow1.87.2,car_fast,0.88,,
flow1.87.3,3264.0,-355037966#4_0,5.1,0.0,9.0,11916.0,758926622_0,154.47,18.64,8652.0,1332.87,3821.0,28,4517.0,4034.47,0,tripinfo_flow1.87.3 emissions_flow1.87.3,car_fast,0.94,,
flow1.87.4,3267.0,-355037966#4_0,5.1,0.0,12.0,11919.0,758926622_0,154.47,19.86,8652.0,1332.87,3819.0,30,4517.0,4040.51,0,tripinfo_flow1.87.4 emissions_flow1.87.4,car_fast,1.03,,
flow1.66.2,2720.0,-355037966#4_0,5.1,0.0,6.0,13498.0,758926622_0,154.47,13.19,10778.0,1318.64,4318.0,23,6184.0,4489.06,0,tripinfo_flow1.66.2 emissions_flow1.66.2,car,1.17,,
flow1.66.3,2723.0,-355037966#4_0,5.1,0.0,9.0,13516.0,758926622_0,154.47,12.65,10793.0,1318.19,4321.0,26,6184.0,4492.56,0,tripinfo_flow1.66.3 emissions_flow1.66.3,car,0.93,,
flow1.66.4,2726.0,-355037966#4_0,5.1,0.0,12.0,13525.0,758926622_0,154.47,12.84,10799.0,1332.87,4310.0,27,6184.0,4495.91,0,tripinfo_flow1.66.4 emissions_flow1.66.4,car,0.89,,
